Rozmiar;Czas ;rodzaj cross;Popul;cross;mut;najlepszy;gen;total gen;czas[ms];;;;;;;;;;;;;;;;;;;;;;;;;;;;;;;;;;;;;;;;;;;;;;;;;;;;;;;;;;;;;;;;;;;;;;;;;;;;;;;;;;;;;;;;;;;;;;;;;;;;;;;;;;;;;;;;;;;;;;;;;;;;;;;;;;;;;;;;;;;;;;;;;;;;;;;;;;;;;;;;;;;;;;;;;;;;;;;;;;;;;;;;;;;;;;;;;;;;;;;;;;;;;;;;;;;;;;;;;;;;;;;;;;;;;;;;;;;;;;;;;;;;;;;;;;;;;;;;;;;;;;;;;;;;;;;;;;;;;;;;;;;;;;;;;;;;;;;;;;;;;;;;;;;;;;;;;;;;;;;;;;;;;;;;;;;;;;;;;;;;;;;;;;;;;;;;;;;;;;;;;;;;;;;;;;;;;;;;;;;;;;;;;;;;;;;;;;;;;;;;;;;;;;;;;;;;;;;;;;;;;;;;;;;;;;;;;;;;;;;;;;;;;;;;;;;;;;;;;;;;;;;;;;;;;;;;;;;;;;;;;;
48;10;;100;0.8;0.01;2448;5947;;2188; ;5843;2448; ;;;;;;;;;;;;;;;;;;;;;;;;;;;;;;;;;;;;;;;;;;;;;;;;;;;;;;;;;;;;;;;;;;;;;;;;;;;;;;;;;;;;;;;;;;;;;;;;;;;;;;;;;;;;;;;;;;;;;;;;;;;;;;;;;;;;;;;;;;;;;;;;;;;;;;;;;;;;;;;;;;;;;;;;;;;;;;;;;;;;;;;;;;;;;;;;;;;;;;;;;;;;;;;;;;;;;;;;;;;;;;;;;;;;;;;;;;;;;;;;;;;;;;;;;;;;;;;;;;;;;;;;;;;;;;;;;;;;;;;;;;;;;;;;;;;;;;;;;;;;;;;;;;;;;;;;;;;;;;;;;;;;;;;;;;;;;;;;;;;;;;;;;;;;;;;;;;;;;;;;;;;;;;;;;;;;;;;;;;;;;;;;;;;;;;;;;;;;;;;;;;;;;;;;;;;;;;;;;;;;;;;;;;;;;;;;;;;;;;;;;;;;;;;;;;;;;;;;;;;;;;;;;;;;;;;;;;;;;;
48;10;;1000;0.8;0.01;2366;252;2679;1020; ;5317;2366;2366; ;;;;;;;;;;;;;;;;;;;;;;;;;;;;;;;;;;;;;;;;;;;;;;;;;;;;;;;;;;;;;;;;;;;;;;;;;;;;;;;;;;;;;;;;;;;;;;;;;;;;;;;;;;;;;;;;;;;;;;;;;;;;;;;;;;;;;;;;;;;;;;;;;;;;;;;;;;;;;;;;;;;;;;;;;;;;;;;;;;;;;;;;;;;;;;;;;;;;;;;;;;;;;;;;;;;;;;;;;;;;;;;;;;;;;;;;;;;;;;;;;;;;;;;;;;;;;;;;;;;;;;;;;;;;;;;;;;;;;;;;;;;;;;;;;;;;;;;;;;;;;;;;;;;;;;;;;;;;;;;;;;;;;;;;;;;;;;;;;;;;;;;;;;;;;;;;;;;;;;;;;;;;;;;;;;;;;;;;;;;;;;;;;;;;;;;;;;;;;;;;;;;;;;;;;;;;;;;;;;;;;;;;;;;;;;;;;;;;;;;;;;;;;;;;;;;;;;;;;;;;;;;;;;;;;;;;;;;;;
48;10;;1000;0.8;0.01;2397;873;2623;3471; ;5569;2703;2581;2581;2506;2465;2450;2397;2397;2397;2397;2397;2397;2397;2397;2397;2397;2397;2397;2397; ;;;;;;;;;;;;;;;;;;;;;;;;;;;;;;;;;;;;;;;;;;;;;;;;;;;;;;;;;;;;;;;;;;;;;;;;;;;;;;;;;;;;;;;;;;;;;;;;;;;;;;;;;;;;;;;;;;;;;;;;;;;;;;;;;;;;;;;;;;;;;;;;;;;;;;;;;;;;;;;;;;;;;;;;;;;;;;;;;;;;;;;;;;;;;;;;;;;;;;;;;;;;;;;;;;;;;;;;;;;;;;;;;;;;;;;;;;;;;;;;;;;;;;;;;;;;;;;;;;;;;;;;;;;;;;;;;;;;;;;;;;;;;;;;;;;;;;;;;;;;;;;;;;;;;;;;;;;;;;;;;;;;;;;;;;;;;;;;;;;;;;;;;;;;;;;;;;;;;;;;;;;;;;;;;;;;;;;;;;;;;;;;;;;;;;;;;;;;;;;;;;;;;;;;;;;;;;;;;;;;;;;;;;;;;;;;;;;;;;;;;;;;;;;;;;;;;;;;;;;;
48;10;;100;0.8;0.01;2968;2928;26923;1017; ;5817;3057;2976;2968;2968;2968;2968;2968;2968;2968;2968;2968;2968;2968;2968;2968;2968;2968;2968;2968; ;;;;;;;;;;;;;;;;;;;;;;;;;;;;;;;;;;;;;;;;;;;;;;;;;;;;;;;;;;;;;;;;;;;;;;;;;;;;;;;;;;;;;;;;;;;;;;;;;;;;;;;;;;;;;;;;;;;;;;;;;;;;;;;;;;;;;;;;;;;;;;;;;;;;;;;;;;;;;;;;;;;;;;;;;;;;;;;;;;;;;;;;;;;;;;;;;;;;;;;;;;;;;;;;;;;;;;;;;;;;;;;;;;;;;;;;;;;;;;;;;;;;;;;;;;;;;;;;;;;;;;;;;;;;;;;;;;;;;;;;;;;;;;;;;;;;;;;;;;;;;;;;;;;;;;;;;;;;;;;;;;;;;;;;;;;;;;;;;;;;;;;;;;;;;;;;;;;;;;;;;;;;;;;;;;;;;;;;;;;;;;;;;;;;;;;;;;;;;;;;;;;;;;;;;;;;;;;;;;;;;;;;;;;;;;;;;;;;;;;;;;;;;;;;;;;;;;;;;;;;
48;10;;100;0.8;0.01;2712;3752;28878;1310; ;5983;2832;2770;2712;2712;2712;2712;2712;2712;2712;2712;2712;2712;2712;2712;2712;2712;2712;2712;2712; ;;;;;;;;;;;;;;;;;;;;;;;;;;;;;;;;;;;;;;;;;;;;;;;;;;;;;;;;;;;;;;;;;;;;;;;;;;;;;;;;;;;;;;;;;;;;;;;;;;;;;;;;;;;;;;;;;;;;;;;;;;;;;;;;;;;;;;;;;;;;;;;;;;;;;;;;;;;;;;;;;;;;;;;;;;;;;;;;;;;;;;;;;;;;;;;;;;;;;;;;;;;;;;;;;;;;;;;;;;;;;;;;;;;;;;;;;;;;;;;;;;;;;;;;;;;;;;;;;;;;;;;;;;;;;;;;;;;;;;;;;;;;;;;;;;;;;;;;;;;;;;;;;;;;;;;;;;;;;;;;;;;;;;;;;;;;;;;;;;;;;;;;;;;;;;;;;;;;;;;;;;;;;;;;;;;;;;;;;;;;;;;;;;;;;;;;;;;;;;;;;;;;;;;;;;;;;;;;;;;;;;;;;;;;;;;;;;;;;;;;;;;;;;;;;;;;;;;;;;;;
48;5;;100;0.8;0.01;2513;6616;14547;2279; ;5602;3136;2735;2594;2580;2513;2513;2513;2513;2513; ;;;;;;;;;;;;;;;;;;;;;;;;;;;;;;;;;;;;;;;;;;;;;;;;;;;;;;;;;;;;;;;;;;;;;;;;;;;;;;;;;;;;;;;;;;;;;;;;;;;;;;;;;;;;;;;;;;;;;;;;;;;;;;;;;;;;;;;;;;;;;;;;;;;;;;;;;;;;;;;;;;;;;;;;;;;;;;;;;;;;;;;;;;;;;;;;;;;;;;;;;;;;;;;;;;;;;;;;;;;;;;;;;;;;;;;;;;;;;;;;;;;;;;;;;;;;;;;;;;;;;;;;;;;;;;;;;;;;;;;;;;;;;;;;;;;;;;;;;;;;;;;;;;;;;;;;;;;;;;;;;;;;;;;;;;;;;;;;;;;;;;;;;;;;;;;;;;;;;;;;;;;;;;;;;;;;;;;;;;;;;;;;;;;;;;;;;;;;;;;;;;;;;;;;;;;;;;;;;;;;;;;;;;;;;;;;;;;;;;;;;;;;;;;;;;;;;;;;;;;;;;;;;;;;;;
48;5;;100;0.8;0.01;2993;2275;14340;811; ;6193;3089;2993;2993;2993;2993;2993;2993;2993;2993; ;;;;;;;;;;;;;;;;;;;;;;;;;;;;;;;;;;;;;;;;;;;;;;;;;;;;;;;;;;;;;;;;;;;;;;;;;;;;;;;;;;;;;;;;;;;;;;;;;;;;;;;;;;;;;;;;;;;;;;;;;;;;;;;;;;;;;;;;;;;;;;;;;;;;;;;;;;;;;;;;;;;;;;;;;;;;;;;;;;;;;;;;;;;;;;;;;;;;;;;;;;;;;;;;;;;;;;;;;;;;;;;;;;;;;;;;;;;;;;;;;;;;;;;;;;;;;;;;;;;;;;;;;;;;;;;;;;;;;;;;;;;;;;;;;;;;;;;;;;;;;;;;;;;;;;;;;;;;;;;;;;;;;;;;;;;;;;;;;;;;;;;;;;;;;;;;;;;;;;;;;;;;;;;;;;;;;;;;;;;;;;;;;;;;;;;;;;;;;;;;;;;;;;;;;;;;;;;;;;;;;;;;;;;;;;;;;;;;;;;;;;;;;;;;;;;;;;;;;;;;;;;;;;;;;;
48;5;;100;0.8;0.01;2872;5147;14364;1795; ;5839;3147;2903;2888;2872;2872;2872;2872;2872;2872; ;;;;;;;;;;;;;;;;;;;;;;;;;;;;;;;;;;;;;;;;;;;;;;;;;;;;;;;;;;;;;;;;;;;;;;;;;;;;;;;;;;;;;;;;;;;;;;;;;;;;;;;;;;;;;;;;;;;;;;;;;;;;;;;;;;;;;;;;;;;;;;;;;;;;;;;;;;;;;;;;;;;;;;;;;;;;;;;;;;;;;;;;;;;;;;;;;;;;;;;;;;;;;;;;;;;;;;;;;;;;;;;;;;;;;;;;;;;;;;;;;;;;;;;;;;;;;;;;;;;;;;;;;;;;;;;;;;;;;;;;;;;;;;;;;;;;;;;;;;;;;;;;;;;;;;;;;;;;;;;;;;;;;;;;;;;;;;;;;;;;;;;;;;;;;;;;;;;;;;;;;;;;;;;;;;;;;;;;;;;;;;;;;;;;;;;;;;;;;;;;;;;;;;;;;;;;;;;;;;;;;;;;;;;;;;;;;;;;;;;;;;;;;;;;;;;;;;;;;;;;;;;;;;;;;;
48;5;;100;0.8;0.01;2742;8018;14418;2772; ;5923;3207;3101;2933;2854;2758;2742;2742;2742;2742; ;;;;;;;;;;;;;;;;;;;;;;;;;;;;;;;;;;;;;;;;;;;;;;;;;;;;;;;;;;;;;;;;;;;;;;;;;;;;;;;;;;;;;;;;;;;;;;;;;;;;;;;;;;;;;;;;;;;;;;;;;;;;;;;;;;;;;;;;;;;;;;;;;;;;;;;;;;;;;;;;;;;;;;;;;;;;;;;;;;;;;;;;;;;;;;;;;;;;;;;;;;;;;;;;;;;;;;;;;;;;;;;;;;;;;;;;;;;;;;;;;;;;;;;;;;;;;;;;;;;;;;;;;;;;;;;;;;;;;;;;;;;;;;;;;;;;;;;;;;;;;;;;;;;;;;;;;;;;;;;;;;;;;;;;;;;;;;;;;;;;;;;;;;;;;;;;;;;;;;;;;;;;;;;;;;;;;;;;;;;;;;;;;;;;;;;;;;;;;;;;;;;;;;;;;;;;;;;;;;;;;;;;;;;;;;;;;;;;;;;;;;;;;;;;;;;;;;;;;;;;;;;;;;;;;;
48;5;;100;0.8;0.01;2854;1685;13488;582; ;6161;2952;2854;2854;2854;2854;2854;2854;2854;2854; ;;;;;;;;;;;;;;;;;;;;;;;;;;;;;;;;;;;;;;;;;;;;;;;;;;;;;;;;;;;;;;;;;;;;;;;;;;;;;;;;;;;;;;;;;;;;;;;;;;;;;;;;;;;;;;;;;;;;;;;;;;;;;;;;;;;;;;;;;;;;;;;;;;;;;;;;;;;;;;;;;;;;;;;;;;;;;;;;;;;;;;;;;;;;;;;;;;;;;;;;;;;;;;;;;;;;;;;;;;;;;;;;;;;;;;;;;;;;;;;;;;;;;;;;;;;;;;;;;;;;;;;;;;;;;;;;;;;;;;;;;;;;;;;;;;;;;;;;;;;;;;;;;;;;;;;;;;;;;;;;;;;;;;;;;;;;;;;;;;;;;;;;;;;;;;;;;;;;;;;;;;;;;;;;;;;;;;;;;;;;;;;;;;;;;;;;;;;;;;;;;;;;;;;;;;;;;;;;;;;;;;;;;;;;;;;;;;;;;;;;;;;;;;;;;;;;;;;;;;;;;;;;;;;;;;
48;5;;100;0.8;0.01;2654;3700;14415;1279; ;6182;2774;2680;2654;2654;2654;2654;2654;2654;2654; ;;;;;;;;;;;;;;;;;;;;;;;;;;;;;;;;;;;;;;;;;;;;;;;;;;;;;;;;;;;;;;;;;;;;;;;;;;;;;;;;;;;;;;;;;;;;;;;;;;;;;;;;;;;;;;;;;;;;;;;;;;;;;;;;;;;;;;;;;;;;;;;;;;;;;;;;;;;;;;;;;;;;;;;;;;;;;;;;;;;;;;;;;;;;;;;;;;;;;;;;;;;;;;;;;;;;;;;;;;;;;;;;;;;;;;;;;;;;;;;;;;;;;;;;;;;;;;;;;;;;;;;;;;;;;;;;;;;;;;;;;;;;;;;;;;;;;;;;;;;;;;;;;;;;;;;;;;;;;;;;;;;;;;;;;;;;;;;;;;;;;;;;;;;;;;;;;;;;;;;;;;;;;;;;;;;;;;;;;;;;;;;;;;;;;;;;;;;;;;;;;;;;;;;;;;;;;;;;;;;;;;;;;;;;;;;;;;;;;;;;;;;;;;;;;;;;;;;;;;;;;;;;;;;;;;
48;5;;100;0.8;0.01;2586;2940;14658;1004; ;5854;2648;2596;2586;2586;2586;2586;2586;2586;2586; ;;;;;;;;;;;;;;;;;;;;;;;;;;;;;;;;;;;;;;;;;;;;;;;;;;;;;;;;;;;;;;;;;;;;;;;;;;;;;;;;;;;;;;;;;;;;;;;;;;;;;;;;;;;;;;;;;;;;;;;;;;;;;;;;;;;;;;;;;;;;;;;;;;;;;;;;;;;;;;;;;;;;;;;;;;;;;;;;;;;;;;;;;;;;;;;;;;;;;;;;;;;;;;;;;;;;;;;;;;;;;;;;;;;;;;;;;;;;;;;;;;;;;;;;;;;;;;;;;;;;;;;;;;;;;;;;;;;;;;;;;;;;;;;;;;;;;;;;;;;;;;;;;;;;;;;;;;;;;;;;;;;;;;;;;;;;;;;;;;;;;;;;;;;;;;;;;;;;;;;;;;;;;;;;;;;;;;;;;;;;;;;;;;;;;;;;;;;;;;;;;;;;;;;;;;;;;;;;;;;;;;;;;;;;;;;;;;;;;;;;;;;;;;;;;;;;;;;;;;;;;;;;;;;;;;
48;5;;100;0.8;0.01;2528;7439;14500;2569; ;6114;2897;2705;2609;2550;2529;2528;2528;2528;2528; ;;;;;;;;;;;;;;;;;;;;;;;;;;;;;;;;;;;;;;;;;;;;;;;;;;;;;;;;;;;;;;;;;;;;;;;;;;;;;;;;;;;;;;;;;;;;;;;;;;;;;;;;;;;;;;;;;;;;;;;;;;;;;;;;;;;;;;;;;;;;;;;;;;;;;;;;;;;;;;;;;;;;;;;;;;;;;;;;;;;;;;;;;;;;;;;;;;;;;;;;;;;;;;;;;;;;;;;;;;;;;;;;;;;;;;;;;;;;;;;;;;;;;;;;;;;;;;;;;;;;;;;;;;;;;;;;;;;;;;;;;;;;;;;;;;;;;;;;;;;;;;;;;;;;;;;;;;;;;;;;;;;;;;;;;;;;;;;;;;;;;;;;;;;;;;;;;;;;;;;;;;;;;;;;;;;;;;;;;;;;;;;;;;;;;;;;;;;;;;;;;;;;;;;;;;;;;;;;;;;;;;;;;;;;;;;;;;;;;;;;;;;;;;;;;;;;;;;;;;;;;;;;;;;;;;
48;5;;100;0.8;0.01;2425;5652;14393;1969; ;6035;2687;2452;2452;2425;2425;2425;2425;2425;2425; ;;;;;;;;;;;;;;;;;;;;;;;;;;;;;;;;;;;;;;;;;;;;;;;;;;;;;;;;;;;;;;;;;;;;;;;;;;;;;;;;;;;;;;;;;;;;;;;;;;;;;;;;;;;;;;;;;;;;;;;;;;;;;;;;;;;;;;;;;;;;;;;;;;;;;;;;;;;;;;;;;;;;;;;;;;;;;;;;;;;;;;;;;;;;;;;;;;;;;;;;;;;;;;;;;;;;;;;;;;;;;;;;;;;;;;;;;;;;;;;;;;;;;;;;;;;;;;;;;;;;;;;;;;;;;;;;;;;;;;;;;;;;;;;;;;;;;;;;;;;;;;;;;;;;;;;;;;;;;;;;;;;;;;;;;;;;;;;;;;;;;;;;;;;;;;;;;;;;;;;;;;;;;;;;;;;;;;;;;;;;;;;;;;;;;;;;;;;;;;;;;;;;;;;;;;;;;;;;;;;;;;;;;;;;;;;;;;;;;;;;;;;;;;;;;;;;;;;;;;;;;;;;;;;;;;
48;5;;100;0.8;0.01;2514;6852;14650;2346; ;5926;2896;2718;2639;2540;2514;2514;2514;2514;2514; ;;;;;;;;;;;;;;;;;;;;;;;;;;;;;;;;;;;;;;;;;;;;;;;;;;;;;;;;;;;;;;;;;;;;;;;;;;;;;;;;;;;;;;;;;;;;;;;;;;;;;;;;;;;;;;;;;;;;;;;;;;;;;;;;;;;;;;;;;;;;;;;;;;;;;;;;;;;;;;;;;;;;;;;;;;;;;;;;;;;;;;;;;;;;;;;;;;;;;;;;;;;;;;;;;;;;;;;;;;;;;;;;;;;;;;;;;;;;;;;;;;;;;;;;;;;;;;;;;;;;;;;;;;;;;;;;;;;;;;;;;;;;;;;;;;;;;;;;;;;;;;;;;;;;;;;;;;;;;;;;;;;;;;;;;;;;;;;;;;;;;;;;;;;;;;;;;;;;;;;;;;;;;;;;;;;;;;;;;;;;;;;;;;;;;;;;;;;;;;;;;;;;;;;;;;;;;;;;;;;;;;;;;;;;;;;;;;;;;;;;;;;;;;;;;;;;;;;;;;;;;;;;;;;;;;
48;5;;100;0.8;0.01;2921;4221;12869;1622; ;5838;3066;3016;2955;2921;2921;2921;2921;2921;2921; ;;;;;;;;;;;;;;;;;;;;;;;;;;;;;;;;;;;;;;;;;;;;;;;;;;;;;;;;;;;;;;;;;;;;;;;;;;;;;;;;;;;;;;;;;;;;;;;;;;;;;;;;;;;;;;;;;;;;;;;;;;;;;;;;;;;;;;;;;;;;;;;;;;;;;;;;;;;;;;;;;;;;;;;;;;;;;;;;;;;;;;;;;;;;;;;;;;;;;;;;;;;;;;;;;;;;;;;;;;;;;;;;;;;;;;;;;;;;;;;;;;;;;;;;;;;;;;;;;;;;;;;;;;;;;;;;;;;;;;;;;;;;;;;;;;;;;;;;;;;;;;;;;;;;;;;;;;;;;;;;;;;;;;;;;;;;;;;;;;;;;;;;;;;;;;;;;;;;;;;;;;;;;;;;;;;;;;;;;;;;;;;;;;;;;;;;;;;;;;;;;;;;;;;;;;;;;;;;;;;;;;;;;;;;;;;;;;;;;;;;;;;;;;;;;;;;;;;;;;;;;;;;;;;;;;
48;5;;150;0.8;0.01;2666;3586;9536;1891; ;5780;2935;2834;2728;2666;2666;2666;2666;2666;2666; ;;;;;;;;;;;;;;;;;;;;;;;;;;;;;;;;;;;;;;;;;;;;;;;;;;;;;;;;;;;;;;;;;;;;;;;;;;;;;;;;;;;;;;;;;;;;;;;;;;;;;;;;;;;;;;;;;;;;;;;;;;;;;;;;;;;;;;;;;;;;;;;;;;;;;;;;;;;;;;;;;;;;;;;;;;;;;;;;;;;;;;;;;;;;;;;;;;;;;;;;;;;;;;;;;;;;;;;;;;;;;;;;;;;;;;;;;;;;;;;;;;;;;;;;;;;;;;;;;;;;;;;;;;;;;;;;;;;;;;;;;;;;;;;;;;;;;;;;;;;;;;;;;;;;;;;;;;;;;;;;;;;;;;;;;;;;;;;;;;;;;;;;;;;;;;;;;;;;;;;;;;;;;;;;;;;;;;;;;;;;;;;;;;;;;;;;;;;;;;;;;;;;;;;;;;;;;;;;;;;;;;;;;;;;;;;;;;;;;;;;;;;;;;;;;;;;;;;;;;;;;;;;;;;;;;
48;5;;150;0.8;0.01;2546;4890;9442;2588; ;6071;2876;2866;2638;2638;2572;2546;2546;2546;2546; ;;;;;;;;;;;;;;;;;;;;;;;;;;;;;;;;;;;;;;;;;;;;;;;;;;;;;;;;;;;;;;;;;;;;;;;;;;;;;;;;;;;;;;;;;;;;;;;;;;;;;;;;;;;;;;;;;;;;;;;;;;;;;;;;;;;;;;;;;;;;;;;;;;;;;;;;;;;;;;;;;;;;;;;;;;;;;;;;;;;;;;;;;;;;;;;;;;;;;;;;;;;;;;;;;;;;;;;;;;;;;;;;;;;;;;;;;;;;;;;;;;;;;;;;;;;;;;;;;;;;;;;;;;;;;;;;;;;;;;;;;;;;;;;;;;;;;;;;;;;;;;;;;;;;;;;;;;;;;;;;;;;;;;;;;;;;;;;;;;;;;;;;;;;;;;;;;;;;;;;;;;;;;;;;;;;;;;;;;;;;;;;;;;;;;;;;;;;;;;;;;;;;;;;;;;;;;;;;;;;;;;;;;;;;;;;;;;;;;;;;;;;;;;;;;;;;;;;;;;;;;;;;;;;;;;
48;5;;150;0.8;0.01;2402;2879;9470;1515; ;5649;2866;2678;2420;2402;2402;2402;2402;2402;2402; ;;;;;;;;;;;;;;;;;;;;;;;;;;;;;;;;;;;;;;;;;;;;;;;;;;;;;;;;;;;;;;;;;;;;;;;;;;;;;;;;;;;;;;;;;;;;;;;;;;;;;;;;;;;;;;;;;;;;;;;;;;;;;;;;;;;;;;;;;;;;;;;;;;;;;;;;;;;;;;;;;;;;;;;;;;;;;;;;;;;;;;;;;;;;;;;;;;;;;;;;;;;;;;;;;;;;;;;;;;;;;;;;;;;;;;;;;;;;;;;;;;;;;;;;;;;;;;;;;;;;;;;;;;;;;;;;;;;;;;;;;;;;;;;;;;;;;;;;;;;;;;;;;;;;;;;;;;;;;;;;;;;;;;;;;;;;;;;;;;;;;;;;;;;;;;;;;;;;;;;;;;;;;;;;;;;;;;;;;;;;;;;;;;;;;;;;;;;;;;;;;;;;;;;;;;;;;;;;;;;;;;;;;;;;;;;;;;;;;;;;;;;;;;;;;;;;;;;;;;;;;;;;;;;;;;
48;5;;150;0.8;0.01;2654;3686;9388;1978; ;6096;2901;2729;2683;2654;2654;2654;2654;2654;2654; ;;;;;;;;;;;;;;;;;;;;;;;;;;;;;;;;;;;;;;;;;;;;;;;;;;;;;;;;;;;;;;;;;;;;;;;;;;;;;;;;;;;;;;;;;;;;;;;;;;;;;;;;;;;;;;;;;;;;;;;;;;;;;;;;;;;;;;;;;;;;;;;;;;;;;;;;;;;;;;;;;;;;;;;;;;;;;;;;;;;;;;;;;;;;;;;;;;;;;;;;;;;;;;;;;;;;;;;;;;;;;;;;;;;;;;;;;;;;;;;;;;;;;;;;;;;;;;;;;;;;;;;;;;;;;;;;;;;;;;;;;;;;;;;;;;;;;;;;;;;;;;;;;;;;;;;;;;;;;;;;;;;;;;;;;;;;;;;;;;;;;;;;;;;;;;;;;;;;;;;;;;;;;;;;;;;;;;;;;;;;;;;;;;;;;;;;;;;;;;;;;;;;;;;;;;;;;;;;;;;;;;;;;;;;;;;;;;;;;;;;;;;;;;;;;;;;;;;;;;;;;;;;;;;;;;
48;5;;150;0.8;0.01;2623;4980;9390;2652; ;5962;2785;2683;2683;2683;2627;2623;2623;2623;2623; ;;;;;;;;;;;;;;;;;;;;;;;;;;;;;;;;;;;;;;;;;;;;;;;;;;;;;;;;;;;;;;;;;;;;;;;;;;;;;;;;;;;;;;;;;;;;;;;;;;;;;;;;;;;;;;;;;;;;;;;;;;;;;;;;;;;;;;;;;;;;;;;;;;;;;;;;;;;;;;;;;;;;;;;;;;;;;;;;;;;;;;;;;;;;;;;;;;;;;;;;;;;;;;;;;;;;;;;;;;;;;;;;;;;;;;;;;;;;;;;;;;;;;;;;;;;;;;;;;;;;;;;;;;;;;;;;;;;;;;;;;;;;;;;;;;;;;;;;;;;;;;;;;;;;;;;;;;;;;;;;;;;;;;;;;;;;;;;;;;;;;;;;;;;;;;;;;;;;;;;;;;;;;;;;;;;;;;;;;;;;;;;;;;;;;;;;;;;;;;;;;;;;;;;;;;;;;;;;;;;;;;;;;;;;;;;;;;;;;;;;;;;;;;;;;;;;;;;;;;;;;;;;;;;;;;
48;5;;150;0.8;0.01;2408;3902;9463;2057; ;5901;2695;2464;2423;2423;2408;2408;2408;2408;2408; ;;;;;;;;;;;;;;;;;;;;;;;;;;;;;;;;;;;;;;;;;;;;;;;;;;;;;;;;;;;;;;;;;;;;;;;;;;;;;;;;;;;;;;;;;;;;;;;;;;;;;;;;;;;;;;;;;;;;;;;;;;;;;;;;;;;;;;;;;;;;;;;;;;;;;;;;;;;;;;;;;;;;;;;;;;;;;;;;;;;;;;;;;;;;;;;;;;;;;;;;;;;;;;;;;;;;;;;;;;;;;;;;;;;;;;;;;;;;;;;;;;;;;;;;;;;;;;;;;;;;;;;;;;;;;;;;;;;;;;;;;;;;;;;;;;;;;;;;;;;;;;;;;;;;;;;;;;;;;;;;;;;;;;;;;;;;;;;;;;;;;;;;;;;;;;;;;;;;;;;;;;;;;;;;;;;;;;;;;;;;;;;;;;;;;;;;;;;;;;;;;;;;;;;;;;;;;;;;;;;;;;;;;;;;;;;;;;;;;;;;;;;;;;;;;;;;;;;;;;;;;;;;;;;;;;
48;5;;150;0.8;0.01;2728;4268;9364;2305; ;5488;2956;2777;2744;2744;2728;2728;2728;2728;2728; ;;;;;;;;;;;;;;;;;;;;;;;;;;;;;;;;;;;;;;;;;;;;;;;;;;;;;;;;;;;;;;;;;;;;;;;;;;;;;;;;;;;;;;;;;;;;;;;;;;;;;;;;;;;;;;;;;;;;;;;;;;;;;;;;;;;;;;;;;;;;;;;;;;;;;;;;;;;;;;;;;;;;;;;;;;;;;;;;;;;;;;;;;;;;;;;;;;;;;;;;;;;;;;;;;;;;;;;;;;;;;;;;;;;;;;;;;;;;;;;;;;;;;;;;;;;;;;;;;;;;;;;;;;;;;;;;;;;;;;;;;;;;;;;;;;;;;;;;;;;;;;;;;;;;;;;;;;;;;;;;;;;;;;;;;;;;;;;;;;;;;;;;;;;;;;;;;;;;;;;;;;;;;;;;;;;;;;;;;;;;;;;;;;;;;;;;;;;;;;;;;;;;;;;;;;;;;;;;;;;;;;;;;;;;;;;;;;;;;;;;;;;;;;;;;;;;;;;;;;;;;;;;;;;;;;
48;5;;150;0.8;0.01;2530;2417;9330;1293; ;5984;2681;2597;2530;2530;2530;2530;2530;2530;2530; ;;;;;;;;;;;;;;;;;;;;;;;;;;;;;;;;;;;;;;;;;;;;;;;;;;;;;;;;;;;;;;;;;;;;;;;;;;;;;;;;;;;;;;;;;;;;;;;;;;;;;;;;;;;;;;;;;;;;;;;;;;;;;;;;;;;;;;;;;;;;;;;;;;;;;;;;;;;;;;;;;;;;;;;;;;;;;;;;;;;;;;;;;;;;;;;;;;;;;;;;;;;;;;;;;;;;;;;;;;;;;;;;;;;;;;;;;;;;;;;;;;;;;;;;;;;;;;;;;;;;;;;;;;;;;;;;;;;;;;;;;;;;;;;;;;;;;;;;;;;;;;;;;;;;;;;;;;;;;;;;;;;;;;;;;;;;;;;;;;;;;;;;;;;;;;;;;;;;;;;;;;;;;;;;;;;;;;;;;;;;;;;;;;;;;;;;;;;;;;;;;;;;;;;;;;;;;;;;;;;;;;;;;;;;;;;;;;;;;;;;;;;;;;;;;;;;;;;;;;;;;;;;;;;;;;
48;5;;100;0.8;0.01;3113;3076;14146;1091; ;5632;3291;3132;3113;3113;3113;3113;3113;3113;3113; ;;;;;;;;;;;;;;;;;;;;;;;;;;;;;;;;;;;;;;;;;;;;;;;;;;;;;;;;;;;;;;;;;;;;;;;;;;;;;;;;;;;;;;;;;;;;;;;;;;;;;;;;;;;;;;;;;;;;;;;;;;;;;;;;;;;;;;;;;;;;;;;;;;;;;;;;;;;;;;;;;;;;;;;;;;;;;;;;;;;;;;;;;;;;;;;;;;;;;;;;;;;;;;;;;;;;;;;;;;;;;;;;;;;;;;;;;;;;;;;;;;;;;;;;;;;;;;;;;;;;;;;;;;;;;;;;;;;;;;;;;;;;;;;;;;;;;;;;;;;;;;;;;;;;;;;;;;;;;;;;;;;;;;;;;;;;;;;;;;;;;;;;;;;;;;;;;;;;;;;;;;;;;;;;;;;;;;;;;;;;;;;;;;;;;;;;;;;;;;;;;;;;;;;;;;;;;;;;;;;;;;;;;;;;;;;;;;;;;;;;;;;;;;;;;;;;;;;;;;;;;;;;;;;;;;
48;5;;100;0.8;0.01;2636;7498;13885;2694; ;5946;2875;2814;2761;2733;2696;2636;2636;2636;2636; ;;;;;;;;;;;;;;;;;;;;;;;;;;;;;;;;;;;;;;;;;;;;;;;;;;;;;;;;;;;;;;;;;;;;;;;;;;;;;;;;;;;;;;;;;;;;;;;;;;;;;;;;;;;;;;;;;;;;;;;;;;;;;;;;;;;;;;;;;;;;;;;;;;;;;;;;;;;;;;;;;;;;;;;;;;;;;;;;;;;;;;;;;;;;;;;;;;;;;;;;;;;;;;;;;;;;;;;;;;;;;;;;;;;;;;;;;;;;;;;;;;;;;;;;;;;;;;;;;;;;;;;;;;;;;;;;;;;;;;;;;;;;;;;;;;;;;;;;;;;;;;;;;;;;;;;;;;;;;;;;;;;;;;;;;;;;;;;;;;;;;;;;;;;;;;;;;;;;;;;;;;;;;;;;;;;;;;;;;;;;;;;;;;;;;;;;;;;;;;;;;;;;;;;;;;;;;;;;;;;;;;;;;;;;;;;;;;;;;;;;;;;;;;;;;;;;;;;;;;;;;;;;;;;;;;
48;5;;100;0.8;0.01;2564;4432;13996;1595; ;6131;2968;2628;2576;2564;2564;2564;2564;2564;2564; ;;;;;;;;;;;;;;;;;;;;;;;;;;;;;;;;;;;;;;;;;;;;;;;;;;;;;;;;;;;;;;;;;;;;;;;;;;;;;;;;;;;;;;;;;;;;;;;;;;;;;;;;;;;;;;;;;;;;;;;;;;;;;;;;;;;;;;;;;;;;;;;;;;;;;;;;;;;;;;;;;;;;;;;;;;;;;;;;;;;;;;;;;;;;;;;;;;;;;;;;;;;;;;;;;;;;;;;;;;;;;;;;;;;;;;;;;;;;;;;;;;;;;;;;;;;;;;;;;;;;;;;;;;;;;;;;;;;;;;;;;;;;;;;;;;;;;;;;;;;;;;;;;;;;;;;;;;;;;;;;;;;;;;;;;;;;;;;;;;;;;;;;;;;;;;;;;;;;;;;;;;;;;;;;;;;;;;;;;;;;;;;;;;;;;;;;;;;;;;;;;;;;;;;;;;;;;;;;;;;;;;;;;;;;;;;;;;;;;;;;;;;;;;;;;;;;;;;;;;;;;;;;;;;;;;
48;5;;100;0.8;0.01;2647;3010;14066;1092; ;5794;2887;2666;2647;2647;2647;2647;2647;2647;2647; ;;;;;;;;;;;;;;;;;;;;;;;;;;;;;;;;;;;;;;;;;;;;;;;;;;;;;;;;;;;;;;;;;;;;;;;;;;;;;;;;;;;;;;;;;;;;;;;;;;;;;;;;;;;;;;;;;;;;;;;;;;;;;;;;;;;;;;;;;;;;;;;;;;;;;;;;;;;;;;;;;;;;;;;;;;;;;;;;;;;;;;;;;;;;;;;;;;;;;;;;;;;;;;;;;;;;;;;;;;;;;;;;;;;;;;;;;;;;;;;;;;;;;;;;;;;;;;;;;;;;;;;;;;;;;;;;;;;;;;;;;;;;;;;;;;;;;;;;;;;;;;;;;;;;;;;;;;;;;;;;;;;;;;;;;;;;;;;;;;;;;;;;;;;;;;;;;;;;;;;;;;;;;;;;;;;;;;;;;;;;;;;;;;;;;;;;;;;;;;;;;;;;;;;;;;;;;;;;;;;;;;;;;;;;;;;;;;;;;;;;;;;;;;;;;;;;;;;;;;;;;;;;;;;;;;
48;5;;100;0.8;0.01;2877;3115;14076;1115; ;5941;3008;2939;2877;2877;2877;2877;2877;2877;2877; ;;;;;;;;;;;;;;;;;;;;;;;;;;;;;;;;;;;;;;;;;;;;;;;;;;;;;;;;;;;;;;;;;;;;;;;;;;;;;;;;;;;;;;;;;;;;;;;;;;;;;;;;;;;;;;;;;;;;;;;;;;;;;;;;;;;;;;;;;;;;;;;;;;;;;;;;;;;;;;;;;;;;;;;;;;;;;;;;;;;;;;;;;;;;;;;;;;;;;;;;;;;;;;;;;;;;;;;;;;;;;;;;;;;;;;;;;;;;;;;;;;;;;;;;;;;;;;;;;;;;;;;;;;;;;;;;;;;;;;;;;;;;;;;;;;;;;;;;;;;;;;;;;;;;;;;;;;;;;;;;;;;;;;;;;;;;;;;;;;;;;;;;;;;;;;;;;;;;;;;;;;;;;;;;;;;;;;;;;;;;;;;;;;;;;;;;;;;;;;;;;;;;;;;;;;;;;;;;;;;;;;;;;;;;;;;;;;;;;;;;;;;;;;;;;;;;;;;;;;;;;;;;;;;;;;
48;5;;100;0.8;0.01;2706;9820;14037;3501; ;5929;2970;2887;2782;2782;2782;2732;2719;2706;2706; ;;;;;;;;;;;;;;;;;;;;;;;;;;;;;;;;;;;;;;;;;;;;;;;;;;;;;;;;;;;;;;;;;;;;;;;;;;;;;;;;;;;;;;;;;;;;;;;;;;;;;;;;;;;;;;;;;;;;;;;;;;;;;;;;;;;;;;;;;;;;;;;;;;;;;;;;;;;;;;;;;;;;;;;;;;;;;;;;;;;;;;;;;;;;;;;;;;;;;;;;;;;;;;;;;;;;;;;;;;;;;;;;;;;;;;;;;;;;;;;;;;;;;;;;;;;;;;;;;;;;;;;;;;;;;;;;;;;;;;;;;;;;;;;;;;;;;;;;;;;;;;;;;;;;;;;;;;;;;;;;;;;;;;;;;;;;;;;;;;;;;;;;;;;;;;;;;;;;;;;;;;;;;;;;;;;;;;;;;;;;;;;;;;;;;;;;;;;;;;;;;;;;;;;;;;;;;;;;;;;;;;;;;;;;;;;;;;;;;;;;;;;;;;;;;;;;;;;;;;;;;;;;;;;;;;
48;5;;100;0.8;0.01;2608;4648;13965;1690; ;5747;2821;2744;2667;2608;2608;2608;2608;2608;2608; ;;;;;;;;;;;;;;;;;;;;;;;;;;;;;;;;;;;;;;;;;;;;;;;;;;;;;;;;;;;;;;;;;;;;;;;;;;;;;;;;;;;;;;;;;;;;;;;;;;;;;;;;;;;;;;;;;;;;;;;;;;;;;;;;;;;;;;;;;;;;;;;;;;;;;;;;;;;;;;;;;;;;;;;;;;;;;;;;;;;;;;;;;;;;;;;;;;;;;;;;;;;;;;;;;;;;;;;;;;;;;;;;;;;;;;;;;;;;;;;;;;;;;;;;;;;;;;;;;;;;;;;;;;;;;;;;;;;;;;;;;;;;;;;;;;;;;;;;;;;;;;;;;;;;;;;;;;;;;;;;;;;;;;;;;;;;;;;;;;;;;;;;;;;;;;;;;;;;;;;;;;;;;;;;;;;;;;;;;;;;;;;;;;;;;;;;;;;;;;;;;;;;;;;;;;;;;;;;;;;;;;;;;;;;;;;;;;;;;;;;;;;;;;;;;;;;;;;;;;;;;;;;;;;;;;
48;5;;100;0.8;0.01;2646;6712;14060;2418; ;5915;2964;2932;2837;2785;2646;2646;2646;2646;2646; ;;;;;;;;;;;;;;;;;;;;;;;;;;;;;;;;;;;;;;;;;;;;;;;;;;;;;;;;;;;;;;;;;;;;;;;;;;;;;;;;;;;;;;;;;;;;;;;;;;;;;;;;;;;;;;;;;;;;;;;;;;;;;;;;;;;;;;;;;;;;;;;;;;;;;;;;;;;;;;;;;;;;;;;;;;;;;;;;;;;;;;;;;;;;;;;;;;;;;;;;;;;;;;;;;;;;;;;;;;;;;;;;;;;;;;;;;;;;;;;;;;;;;;;;;;;;;;;;;;;;;;;;;;;;;;;;;;;;;;;;;;;;;;;;;;;;;;;;;;;;;;;;;;;;;;;;;;;;;;;;;;;;;;;;;;;;;;;;;;;;;;;;;;;;;;;;;;;;;;;;;;;;;;;;;;;;;;;;;;;;;;;;;;;;;;;;;;;;;;;;;;;;;;;;;;;;;;;;;;;;;;;;;;;;;;;;;;;;;;;;;;;;;;;;;;;;;;;;;;;;;;;;;;;;;;
48;5;;100;0.8;0.01;2673;6349;14126;2269; ;6069;2989;2852;2794;2746;2673;2673;2673;2673;2673; ;;;;;;;;;;;;;;;;;;;;;;;;;;;;;;;;;;;;;;;;;;;;;;;;;;;;;;;;;;;;;;;;;;;;;;;;;;;;;;;;;;;;;;;;;;;;;;;;;;;;;;;;;;;;;;;;;;;;;;;;;;;;;;;;;;;;;;;;;;;;;;;;;;;;;;;;;;;;;;;;;;;;;;;;;;;;;;;;;;;;;;;;;;;;;;;;;;;;;;;;;;;;;;;;;;;;;;;;;;;;;;;;;;;;;;;;;;;;;;;;;;;;;;;;;;;;;;;;;;;;;;;;;;;;;;;;;;;;;;;;;;;;;;;;;;;;;;;;;;;;;;;;;;;;;;;;;;;;;;;;;;;;;;;;;;;;;;;;;;;;;;;;;;;;;;;;;;;;;;;;;;;;;;;;;;;;;;;;;;;;;;;;;;;;;;;;;;;;;;;;;;;;;;;;;;;;;;;;;;;;;;;;;;;;;;;;;;;;;;;;;;;;;;;;;;;;;;;;;;;;;;;;;;;;;;
48;5;;100;0.8;0.01;2674;6050;14052;2163; ;5952;2896;2758;2735;2696;2674;2674;2674;2674;2674; ;;;;;;;;;;;;;;;;;;;;;;;;;;;;;;;;;;;;;;;;;;;;;;;;;;;;;;;;;;;;;;;;;;;;;;;;;;;;;;;;;;;;;;;;;;;;;;;;;;;;;;;;;;;;;;;;;;;;;;;;;;;;;;;;;;;;;;;;;;;;;;;;;;;;;;;;;;;;;;;;;;;;;;;;;;;;;;;;;;;;;;;;;;;;;;;;;;;;;;;;;;;;;;;;;;;;;;;;;;;;;;;;;;;;;;;;;;;;;;;;;;;;;;;;;;;;;;;;;;;;;;;;;;;;;;;;;;;;;;;;;;;;;;;;;;;;;;;;;;;;;;;;;;;;;;;;;;;;;;;;;;;;;;;;;;;;;;;;;;;;;;;;;;;;;;;;;;;;;;;;;;;;;;;;;;;;;;;;;;;;;;;;;;;;;;;;;;;;;;;;;;;;;;;;;;;;;;;;;;;;;;;;;;;;;;;;;;;;;;;;;;;;;;;;;;;;;;;;;;;;;;;;;;;;;;
48;240;;100;0.8;0.01;2863;2357;677909;842; ;5854;3152;2863;2863;2863;2863;2863;2863;2863;2863;2863;2863;2863;2863;2863;2863;2863;2863;2863;2863;2863;2863;2863;2863;2863;2863;2863;2863;2863;2863;2863;2863;2863;2863;2863;2863;2863;2863;2863;2863;2863;2863;2863;2863;2863;2863;2863;2863;2863;2863;2863;2863;2863;2863;2863;2863;2863;2863;2863;2863;2863;2863;2863;2863;2863;2863;2863;2863;2863;2863;2863;2863;2863;2863;2863;2863;2863;2863;2863;2863;2863;2863;2863;2863;2863;2863;2863;2863;2863;2863;2863;2863;2863;2863;2863;2863;2863;2863;2863;2863;2863;2863;2863;2863;2863;2863;2863;2863;2863;2863;2863;2863;2863;2863;2863;2863;2863;2863;2863;2863;2863;2863;2863;2863;2863;2863;2863;2863;2863;2863;2863;2863;2863;2863;2863;2863;2863;2863;2863;2863;2863;2863;2863;2863;2863;2863;2863;2863;2863;2863;2863;2863;2863;2863;2863;2863;2863;2863;2863;2863;2863;2863;2863;2863;2863;2863;2863;2863;2863;2863;2863;2863;2863;2863;2863;2863;2863;2863;2863;2863;2863;2863;2863;2863;2863;2863;2863;2863;2863;2863;2863;2863;2863;2863;2863;2863;2863;2863;2863;2863;2863;2863;2863;2863;2863;2863;2863;2863;2863;2863;2863;2863;2863;2863;2863;2863;2863;2863;2863;2863;2863;2863;2863;2863;2863;2863;2863;2863;2863;2863;2863;2863;2863;2863;2863;2863;2863;2863;2863;2863;2863;2863;2863;2863;2863;2863;2863;2863;2863;2863;2863;2863;2863;2863;2863;2863;2863;2863;2863;2863;2863;2863;2863;2863;2863;2863;2863;2863;2863;2863;2863;2863;2863;2863;2863;2863;2863;2863;2863;2863;2863;2863;2863;2863;2863;2863;2863;2863;2863;2863;2863;2863;2863;2863;2863;2863;2863;2863;2863;2863;2863;2863;2863;2863;2863;2863;2863;2863;2863;2863;2863;2863;2863;2863;2863;2863;2863;2863;2863;2863;2863;2863;2863;2863;2863;2863;2863;2863;2863;2863;2863;2863;2863;2863;2863;2863;2863;2863;2863;2863;2863;2863;2863;2863;2863;2863;2863;2863;2863;2863;2863;2863;2863;2863;2863;2863;2863;2863;2863;2863;2863;2863;2863;2863;2863;2863;2863;2863;2863;2863;2863;2863;2863;2863;2863;2863;2863;2863;2863;2863;2863;2863;2863;2863;2863;2863;2863;2863;2863;2863;2863;2863;2863;2863;2863;2863;2863;2863;2863;2863;2863;2863;2863;2863;2863;2863;2863;2863;2863;2863;2863;2863;2863;2863;2863;2863;2863;2863;2863;2863;2863;2863;2863;2863;2863;2863;2863;2863;2863;2863;2863;2863;2863;2863;2863;2863;2863;2863;2863;2863;2863;2863;2863;2863;2863;2863;2863;2863;2863;2863;2863;2863;2863;2863;2863;2863;2863;2863;2863;2863;2863;2863;2863;2863;2863;2863;2863;2863;2863;2863;2863;2863;2863;2863;2863;2863;2863;2863;2863;2863; 
48;240;;100;0.8;0.01;2699;6787;359357;2360; ;5939;2951;2714;2703;2703;2699;2699;2699;2699;2699;2699;2699;2699;2699;2699;2699;2699;2699;2699;2699;2699;2699;2699;2699;2699;2699;2699;2699;2699;2699;2699;2699;2699;2699;2699;2699;2699;2699;2699;2699;2699;2699;2699;2699;2699;2699;2699;2699;2699;2699;2699;2699;2699;2699;2699;2699;2699;2699;2699;2699;2699;2699;2699;2699;2699;2699;2699;2699;2699;2699;2699;2699;2699;2699;2699;2699;2699;2699;2699;2699;2699;2699;2699;2699;2699;2699;2699;2699;2699;2699;2699;2699;2699;2699;2699;2699;2699;2699;2699;2699;2699;2699;2699;2699;2699;2699;2699;2699;2699;2699;2699;2699;2699;2699;2699;2699;2699;2699;2699;2699;2699;2699;2699;2699;2699;2699;2699;2699;2699;2699;2699;2699;2699;2699;2699;2699;2699;2699;2699;2699;2699;2699;2699;2699;2699;2699;2699;2699;2699;2699;2699;2699;2699;2699;2699;2699;2699;2699;2699;2699;2699;2699;2699;2699;2699;2699;2699;2699;2699;2699;2699;2699;2699;2699;2699;2699;2699;2699;2699;2699;2699;2699;2699;2699;2699;2699;2699;2699;2699;2699;2699;2699;2699;2699;2699;2699;2699;2699;2699;2699;2699;2699;2699;2699;2699;2699;2699;2699;2699;2699;2699;2699;2699;2699;2699;2699;2699;2699;2699;2699;2699;2699;2699;2699;2699;2699;2699;2699;2699;2699;2699;2699;2699;2699;2699;2699;2699;2699;2699;2699;2699;2699;2699;2699;2699;2699;2699;2699;2699;2699;2699;2699;2699;2699;2699;2699;2699;2699;2699;2699;2699;2699;2699;2699;2699;2699;2699;2699;2699;2699;2699;2699;2699;2699;2699;2699;2699;2699;2699;2699;2699;2699;2699;2699;2699;2699;2699;2699;2699;2699;2699;2699;2699;2699;2699;2699;2699;2699;2699;2699;2699;2699;2699;2699;2699;2699;2699;2699;2699;2699;2699;2699;2699;2699;2699;2699;2699;2699;2699;2699;2699;2699;2699;2699;2699;2699;2699;2699;2699;2699;2699;2699;2699;2699;2699;2699;2699;2699;2699;2699;2699;2699;2699;2699;2699;2699;2699;2699;2699;2699;2699;2699;2699;2699;2699;2699;2699;2699;2699;2699;2699;2699;2699;2699;2699;2699;2699;2699;2699;2699;2699;2699;2699;2699;2699;2699;2699;2699;2699;2699;2699;2699;2699;2699;2699;2699;2699;2699;2699;2699;2699;2699;2699;2699;2699;2699;2699;2699;2699;2699;2699;2699;2699;2699;2699;2699;2699;2699;2699;2699;2699;2699;2699;2699;2699;2699;2699;2699;2699;2699;2699;2699;2699;2699;2699;2699;2699;2699;2699;2699;2699;2699;2699;2699;2699;2699;2699;2699;2699;2699;2699;2699;2699;2699;2699;2699;2699;2699;2699;2699;2699;2699;2699;2699;2699;2699;2699;2699;2699;2699;2699;2699;2699;2699;2699;2699;2699;2699;2699;2699;2699;2699;2699;2699;2699;2699;2699;2699;2699;2699; 
48;5;;100;0.8;0.01;2777;11402;12707;4519; ;6011;3159;2943;2938;2896;2881;2805;2798;2798;2798; ;;;;;;;;;;;;;;;;;;;;;;;;;;;;;;;;;;;;;;;;;;;;;;;;;;;;;;;;;;;;;;;;;;;;;;;;;;;;;;;;;;;;;;;;;;;;;;;;;;;;;;;;;;;;;;;;;;;;;;;;;;;;;;;;;;;;;;;;;;;;;;;;;;;;;;;;;;;;;;;;;;;;;;;;;;;;;;;;;;;;;;;;;;;;;;;;;;;;;;;;;;;;;;;;;;;;;;;;;;;;;;;;;;;;;;;;;;;;;;;;;;;;;;;;;;;;;;;;;;;;;;;;;;;;;;;;;;;;;;;;;;;;;;;;;;;;;;;;;;;;;;;;;;;;;;;;;;;;;;;;;;;;;;;;;;;;;;;;;;;;;;;;;;;;;;;;;;;;;;;;;;;;;;;;;;;;;;;;;;;;;;;;;;;;;;;;;;;;;;;;;;;;;;;;;;;;;;;;;;;;;;;;;;;;;;;;;;;;;;;;;;;;;;;;;;;;;;;;;;;;;;;;;;;;;;
48;5;;100;0.8;0.01;2586;10701;13002;4157; ;5991;2738;2613;2613;2613;2613;2613;2613;2590;2586; ;;;;;;;;;;;;;;;;;;;;;;;;;;;;;;;;;;;;;;;;;;;;;;;;;;;;;;;;;;;;;;;;;;;;;;;;;;;;;;;;;;;;;;;;;;;;;;;;;;;;;;;;;;;;;;;;;;;;;;;;;;;;;;;;;;;;;;;;;;;;;;;;;;;;;;;;;;;;;;;;;;;;;;;;;;;;;;;;;;;;;;;;;;;;;;;;;;;;;;;;;;;;;;;;;;;;;;;;;;;;;;;;;;;;;;;;;;;;;;;;;;;;;;;;;;;;;;;;;;;;;;;;;;;;;;;;;;;;;;;;;;;;;;;;;;;;;;;;;;;;;;;;;;;;;;;;;;;;;;;;;;;;;;;;;;;;;;;;;;;;;;;;;;;;;;;;;;;;;;;;;;;;;;;;;;;;;;;;;;;;;;;;;;;;;;;;;;;;;;;;;;;;;;;;;;;;;;;;;;;;;;;;;;;;;;;;;;;;;;;;;;;;;;;;;;;;;;;;;;;;;;;;;;;;;;
48;5;;100;0.8;0.01;2705;5763;13364;2162; ;6074;2879;2813;2762;2707;2705;2705;2705;2705;2705; ;;;;;;;;;;;;;;;;;;;;;;;;;;;;;;;;;;;;;;;;;;;;;;;;;;;;;;;;;;;;;;;;;;;;;;;;;;;;;;;;;;;;;;;;;;;;;;;;;;;;;;;;;;;;;;;;;;;;;;;;;;;;;;;;;;;;;;;;;;;;;;;;;;;;;;;;;;;;;;;;;;;;;;;;;;;;;;;;;;;;;;;;;;;;;;;;;;;;;;;;;;;;;;;;;;;;;;;;;;;;;;;;;;;;;;;;;;;;;;;;;;;;;;;;;;;;;;;;;;;;;;;;;;;;;;;;;;;;;;;;;;;;;;;;;;;;;;;;;;;;;;;;;;;;;;;;;;;;;;;;;;;;;;;;;;;;;;;;;;;;;;;;;;;;;;;;;;;;;;;;;;;;;;;;;;;;;;;;;;;;;;;;;;;;;;;;;;;;;;;;;;;;;;;;;;;;;;;;;;;;;;;;;;;;;;;;;;;;;;;;;;;;;;;;;;;;;;;;;;;;;;;;;;;;;;
48;5;;100;0.8;0.01;2616;4639;13529;1719; ;5502;3071;2839;2656;2616;2616;2616;2616;2616;2616; ;;;;;;;;;;;;;;;;;;;;;;;;;;;;;;;;;;;;;;;;;;;;;;;;;;;;;;;;;;;;;;;;;;;;;;;;;;;;;;;;;;;;;;;;;;;;;;;;;;;;;;;;;;;;;;;;;;;;;;;;;;;;;;;;;;;;;;;;;;;;;;;;;;;;;;;;;;;;;;;;;;;;;;;;;;;;;;;;;;;;;;;;;;;;;;;;;;;;;;;;;;;;;;;;;;;;;;;;;;;;;;;;;;;;;;;;;;;;;;;;;;;;;;;;;;;;;;;;;;;;;;;;;;;;;;;;;;;;;;;;;;;;;;;;;;;;;;;;;;;;;;;;;;;;;;;;;;;;;;;;;;;;;;;;;;;;;;;;;;;;;;;;;;;;;;;;;;;;;;;;;;;;;;;;;;;;;;;;;;;;;;;;;;;;;;;;;;;;;;;;;;;;;;;;;;;;;;;;;;;;;;;;;;;;;;;;;;;;;;;;;;;;;;;;;;;;;;;;;;;;;;;;;;;;;;
48;5;;100;0.8;0.01;2439;12163;13302;4566; ;5888;3239;3117;2903;2757;2643;2592;2489;2463;2463; ;;;;;;;;;;;;;;;;;;;;;;;;;;;;;;;;;;;;;;;;;;;;;;;;;;;;;;;;;;;;;;;;;;;;;;;;;;;;;;;;;;;;;;;;;;;;;;;;;;;;;;;;;;;;;;;;;;;;;;;;;;;;;;;;;;;;;;;;;;;;;;;;;;;;;;;;;;;;;;;;;;;;;;;;;;;;;;;;;;;;;;;;;;;;;;;;;;;;;;;;;;;;;;;;;;;;;;;;;;;;;;;;;;;;;;;;;;;;;;;;;;;;;;;;;;;;;;;;;;;;;;;;;;;;;;;;;;;;;;;;;;;;;;;;;;;;;;;;;;;;;;;;;;;;;;;;;;;;;;;;;;;;;;;;;;;;;;;;;;;;;;;;;;;;;;;;;;;;;;;;;;;;;;;;;;;;;;;;;;;;;;;;;;;;;;;;;;;;;;;;;;;;;;;;;;;;;;;;;;;;;;;;;;;;;;;;;;;;;;;;;;;;;;;;;;;;;;;;;;;;;;;;;;;;;;
48;5;;100;0.8;0.01;2359;12059;13218;4571; ;6067;3150;3001;2971;2718;2466;2464;2464;2464;2387; ;;;;;;;;;;;;;;;;;;;;;;;;;;;;;;;;;;;;;;;;;;;;;;;;;;;;;;;;;;;;;;;;;;;;;;;;;;;;;;;;;;;;;;;;;;;;;;;;;;;;;;;;;;;;;;;;;;;;;;;;;;;;;;;;;;;;;;;;;;;;;;;;;;;;;;;;;;;;;;;;;;;;;;;;;;;;;;;;;;;;;;;;;;;;;;;;;;;;;;;;;;;;;;;;;;;;;;;;;;;;;;;;;;;;;;;;;;;;;;;;;;;;;;;;;;;;;;;;;;;;;;;;;;;;;;;;;;;;;;;;;;;;;;;;;;;;;;;;;;;;;;;;;;;;;;;;;;;;;;;;;;;;;;;;;;;;;;;;;;;;;;;;;;;;;;;;;;;;;;;;;;;;;;;;;;;;;;;;;;;;;;;;;;;;;;;;;;;;;;;;;;;;;;;;;;;;;;;;;;;;;;;;;;;;;;;;;;;;;;;;;;;;;;;;;;;;;;;;;;;;;;;;;;;;;;
48;5;;100;0.8;0.01;2645;6946;13477;2603; ;6071;3322;3012;2887;2753;2673;2645;2645;2645;2645; ;;;;;;;;;;;;;;;;;;;;;;;;;;;;;;;;;;;;;;;;;;;;;;;;;;;;;;;;;;;;;;;;;;;;;;;;;;;;;;;;;;;;;;;;;;;;;;;;;;;;;;;;;;;;;;;;;;;;;;;;;;;;;;;;;;;;;;;;;;;;;;;;;;;;;;;;;;;;;;;;;;;;;;;;;;;;;;;;;;;;;;;;;;;;;;;;;;;;;;;;;;;;;;;;;;;;;;;;;;;;;;;;;;;;;;;;;;;;;;;;;;;;;;;;;;;;;;;;;;;;;;;;;;;;;;;;;;;;;;;;;;;;;;;;;;;;;;;;;;;;;;;;;;;;;;;;;;;;;;;;;;;;;;;;;;;;;;;;;;;;;;;;;;;;;;;;;;;;;;;;;;;;;;;;;;;;;;;;;;;;;;;;;;;;;;;;;;;;;;;;;;;;;;;;;;;;;;;;;;;;;;;;;;;;;;;;;;;;;;;;;;;;;;;;;;;;;;;;;;;;;;;;;;;;;;
48;5;;100;0.8;0.01;2656;5305;13266;2096; ;5715;2896;2862;2780;2721;2656;2656;2656;2656;2656; ;;;;;;;;;;;;;;;;;;;;;;;;;;;;;;;;;;;;;;;;;;;;;;;;;;;;;;;;;;;;;;;;;;;;;;;;;;;;;;;;;;;;;;;;;;;;;;;;;;;;;;;;;;;;;;;;;;;;;;;;;;;;;;;;;;;;;;;;;;;;;;;;;;;;;;;;;;;;;;;;;;;;;;;;;;;;;;;;;;;;;;;;;;;;;;;;;;;;;;;;;;;;;;;;;;;;;;;;;;;;;;;;;;;;;;;;;;;;;;;;;;;;;;;;;;;;;;;;;;;;;;;;;;;;;;;;;;;;;;;;;;;;;;;;;;;;;;;;;;;;;;;;;;;;;;;;;;;;;;;;;;;;;;;;;;;;;;;;;;;;;;;;;;;;;;;;;;;;;;;;;;;;;;;;;;;;;;;;;;;;;;;;;;;;;;;;;;;;;;;;;;;;;;;;;;;;;;;;;;;;;;;;;;;;;;;;;;;;;;;;;;;;;;;;;;;;;;;;;;;;;;;;;;;;;;
48;5;;100;0.8;0.01;2435;1996;13479;746; ;5998;2586;2435;2435;2435;2435;2435;2435;2435;2435; ;;;;;;;;;;;;;;;;;;;;;;;;;;;;;;;;;;;;;;;;;;;;;;;;;;;;;;;;;;;;;;;;;;;;;;;;;;;;;;;;;;;;;;;;;;;;;;;;;;;;;;;;;;;;;;;;;;;;;;;;;;;;;;;;;;;;;;;;;;;;;;;;;;;;;;;;;;;;;;;;;;;;;;;;;;;;;;;;;;;;;;;;;;;;;;;;;;;;;;;;;;;;;;;;;;;;;;;;;;;;;;;;;;;;;;;;;;;;;;;;;;;;;;;;;;;;;;;;;;;;;;;;;;;;;;;;;;;;;;;;;;;;;;;;;;;;;;;;;;;;;;;;;;;;;;;;;;;;;;;;;;;;;;;;;;;;;;;;;;;;;;;;;;;;;;;;;;;;;;;;;;;;;;;;;;;;;;;;;;;;;;;;;;;;;;;;;;;;;;;;;;;;;;;;;;;;;;;;;;;;;;;;;;;;;;;;;;;;;;;;;;;;;;;;;;;;;;;;;;;;;;;;;;;;;;
48;5;;100;0.8;0.01;2552;4558;13461;1740; ;5825;2942;2808;2619;2552;2552;2552;2552;2552;2552; ;;;;;;;;;;;;;;;;;;;;;;;;;;;;;;;;;;;;;;;;;;;;;;;;;;;;;;;;;;;;;;;;;;;;;;;;;;;;;;;;;;;;;;;;;;;;;;;;;;;;;;;;;;;;;;;;;;;;;;;;;;;;;;;;;;;;;;;;;;;;;;;;;;;;;;;;;;;;;;;;;;;;;;;;;;;;;;;;;;;;;;;;;;;;;;;;;;;;;;;;;;;;;;;;;;;;;;;;;;;;;;;;;;;;;;;;;;;;;;;;;;;;;;;;;;;;;;;;;;;;;;;;;;;;;;;;;;;;;;;;;;;;;;;;;;;;;;;;;;;;;;;;;;;;;;;;;;;;;;;;;;;;;;;;;;;;;;;;;;;;;;;;;;;;;;;;;;;;;;;;;;;;;;;;;;;;;;;;;;;;;;;;;;;;;;;;;;;;;;;;;;;;;;;;;;;;;;;;;;;;;;;;;;;;;;;;;;;;;;;;;;;;;;;;;;;;;;;;;;;;;;;;;;;;;;
171;5;;100;0.8;0.01;8848;11190;11303;4953; ;24184;13803;12048;10886;10523;9880;9629;9354;9150;9034; ;;;;;;;;;;;;;;;;;;;;;;;;;;;;;;;;;;;;;;;;;;;;;;;;;;;;;;;;;;;;;;;;;;;;;;;;;;;;;;;;;;;;;;;;;;;;;;;;;;;;;;;;;;;;;;;;;;;;;;;;;;;;;;;;;;;;;;;;;;;;;;;;;;;;;;;;;;;;;;;;;;;;;;;;;;;;;;;;;;;;;;;;;;;;;;;;;;;;;;;;;;;;;;;;;;;;;;;;;;;;;;;;;;;;;;;;;;;;;;;;;;;;;;;;;;;;;;;;;;;;;;;;;;;;;;;;;;;;;;;;;;;;;;;;;;;;;;;;;;;;;;;;;;;;;;;;;;;;;;;;;;;;;;;;;;;;;;;;;;;;;;;;;;;;;;;;;;;;;;;;;;;;;;;;;;;;;;;;;;;;;;;;;;;;;;;;;;;;;;;;;;;;;;;;;;;;;;;;;;;;;;;;;;;;;;;;;;;;;;;;;;;;;;;;;;;;;;;;;;;;;;;;;;;;;;
171;10;;100;0.8;0.01;7859;22689;22758;9971; ;23639;14131;12372;11288;10886;10529;10378;10102;9997;9747;9551;9348;9082;8858;8670;8545;8270;8098;7978;7943; ;;;;;;;;;;;;;;;;;;;;;;;;;;;;;;;;;;;;;;;;;;;;;;;;;;;;;;;;;;;;;;;;;;;;;;;;;;;;;;;;;;;;;;;;;;;;;;;;;;;;;;;;;;;;;;;;;;;;;;;;;;;;;;;;;;;;;;;;;;;;;;;;;;;;;;;;;;;;;;;;;;;;;;;;;;;;;;;;;;;;;;;;;;;;;;;;;;;;;;;;;;;;;;;;;;;;;;;;;;;;;;;;;;;;;;;;;;;;;;;;;;;;;;;;;;;;;;;;;;;;;;;;;;;;;;;;;;;;;;;;;;;;;;;;;;;;;;;;;;;;;;;;;;;;;;;;;;;;;;;;;;;;;;;;;;;;;;;;;;;;;;;;;;;;;;;;;;;;;;;;;;;;;;;;;;;;;;;;;;;;;;;;;;;;;;;;;;;;;;;;;;;;;;;;;;;;;;;;;;;;;;;;;;;;;;;;;;;;;;;;;;;;;;;;;;;;;;;;;;;;
171;20;;100;0.8;0.01;7353;43087;45646;18866; ;23734;13587;12406;11430;10920;10359;9847;9466;9318;9109;8936;8697;8462;8233;8168;8081;7935;7845;7790;7770;7692;7692;7671;7660;7660;7640;7534;7534;7531;7517;7503;7493;7479;7450;7447;7382;7382;7382;7353;7353; ;;;;;;;;;;;;;;;;;;;;;;;;;;;;;;;;;;;;;;;;;;;;;;;;;;;;;;;;;;;;;;;;;;;;;;;;;;;;;;;;;;;;;;;;;;;;;;;;;;;;;;;;;;;;;;;;;;;;;;;;;;;;;;;;;;;;;;;;;;;;;;;;;;;;;;;;;;;;;;;;;;;;;;;;;;;;;;;;;;;;;;;;;;;;;;;;;;;;;;;;;;;;;;;;;;;;;;;;;;;;;;;;;;;;;;;;;;;;;;;;;;;;;;;;;;;;;;;;;;;;;;;;;;;;;;;;;;;;;;;;;;;;;;;;;;;;;;;;;;;;;;;;;;;;;;;;;;;;;;;;;;;;;;;;;;;;;;;;;;;;;;;;;;;;;;;;;;;;;;;;;;;;;;;;;;;;;;;;;;;;;;;;;;;;;;;;;;;;;;;;;;;;;;;;;;;;;;;;;;;;;;;;;;;;;;;;;;;;;;;;
171;20;;200;0.8;0.01;7548;21888;22808;19205; ;24253;13531;12033;11222;10720;10345;9853;9674;9449;9148;9064;9001;8878;8743;8723;8557;8398;8312;8251;8205;8199;8138;8126;7995;7926;7921;7863;7783;7783;7777;7750;7750;7744;7738;7718;7713;7679;7588;7557;7548; ;;;;;;;;;;;;;;;;;;;;;;;;;;;;;;;;;;;;;;;;;;;;;;;;;;;;;;;;;;;;;;;;;;;;;;;;;;;;;;;;;;;;;;;;;;;;;;;;;;;;;;;;;;;;;;;;;;;;;;;;;;;;;;;;;;;;;;;;;;;;;;;;;;;;;;;;;;;;;;;;;;;;;;;;;;;;;;;;;;;;;;;;;;;;;;;;;;;;;;;;;;;;;;;;;;;;;;;;;;;;;;;;;;;;;;;;;;;;;;;;;;;;;;;;;;;;;;;;;;;;;;;;;;;;;;;;;;;;;;;;;;;;;;;;;;;;;;;;;;;;;;;;;;;;;;;;;;;;;;;;;;;;;;;;;;;;;;;;;;;;;;;;;;;;;;;;;;;;;;;;;;;;;;;;;;;;;;;;;;;;;;;;;;;;;;;;;;;;;;;;;;;;;;;;;;;;;;;;;;;;;;;;;;;;;;;;;;;;;;;;
171;60;;200;0.8;0.01;7781;61489;68850;53531; ;24235;13036;12282;11167;10437;10307;10208;9982;9723;9453;9409;9320;9268;9197;9142;9125;9087;8970;8942;8917;8907;8891;8891;8814;8742;8616;8556;8444;8393;8378;8339;8317;8299;8259;8259;8259;8259;8211;8155;8122;7991;7922;7919;7917;7917;7905;7875;7863;7863;7853;7853;7853;7853;7853;7846;7846;7846;7846;7846;7846;7846;7846;7846;7846;7831;7831;7831;7831;7831;7831;7831;7831;7831;7823;7823;7823;7823;7823;7823;7823;7823;7823;7823;7795;7795;7795;7795;7795;7795;7795;7795;7795;7795;7795;7795;7795;7795;7795;7795;7795;7795;7795;7795;7795;7795;7795;7795;7781;7781;7781;7781;7781;7781;7781;7781;7781;7781;7781;7781;7781; ;;;;;;;;;;;;;;;;;;;;;;;;;;;;;;;;;;;;;;;;;;;;;;;;;;;;;;;;;;;;;;;;;;;;;;;;;;;;;;;;;;;;;;;;;;;;;;;;;;;;;;;;;;;;;;;;;;;;;;;;;;;;;;;;;;;;;;;;;;;;;;;;;;;;;;;;;;;;;;;;;;;;;;;;;;;;;;;;;;;;;;;;;;;;;;;;;;;;;;;;;;;;;;;;;;;;;;;;;;;;;;;;;;;;;;;;;;;;;;;;;;;;;;;;;;;;;;;;;;;;;;;;;;;;;;;;;;;;;;;;;;;;;;;;;;;;;;;;;;;;;;;;;;;;;;;;;;;;;;;;;;;;;;;;;;;;;;;;;;;;;;;;;;;;;;;;;;;;;;;;
171;60;;200;0.8;400;5614;41612;41857;59658; ;23667;11735;9031;8161;7584;7172;7064;6949;6833;6689;6604;6540;6413;6347;6325;6292;6230;6177;6144;6138;6099;6074;6043;6043;6028;6025;6005;6004;5998;5971;5965;5965;5955;5955;5953;5953;5951;5947;5939;5939;5936;5936;5936;5936;5936;5933;5906;5906;5904;5896;5894;5894;5894;5894;5876;5876;5876;5876;5876;5876;5876;5876;5876;5876;5876;5876;5876;5876;5876;5873;5866;5859;5859;5859;5859;5859;5853;5838;5838;5835;5751;5751;5751;5751;5751;5751;5751;5751;5751;5751;5751;5751;5751;5751;5751;5751;5751;5751;5751;5751;5751;5751;5751;5751;5751;5751;5748;5748;5748;5748;5748;5734;5734;5734;5734;5734;5734;5734;5677;5627; ;;;;;;;;;;;;;;;;;;;;;;;;;;;;;;;;;;;;;;;;;;;;;;;;;;;;;;;;;;;;;;;;;;;;;;;;;;;;;;;;;;;;;;;;;;;;;;;;;;;;;;;;;;;;;;;;;;;;;;;;;;;;;;;;;;;;;;;;;;;;;;;;;;;;;;;;;;;;;;;;;;;;;;;;;;;;;;;;;;;;;;;;;;;;;;;;;;;;;;;;;;;;;;;;;;;;;;;;;;;;;;;;;;;;;;;;;;;;;;;;;;;;;;;;;;;;;;;;;;;;;;;;;;;;;;;;;;;;;;;;;;;;;;;;;;;;;;;;;;;;;;;;;;;;;;;;;;;;;;;;;;;;;;;;;;;;;;;;;;;;;;;;;;;;;;;;;;;;;;;;
171;120;;200;0.8;400;5527;53278;88036;76003; ;24006;12093;9532;8627;8172;7898;7762;7636;7615;7587;7529;7501;7467;7404;7310;7278;7225;7158;7140;7098;7064;7052;7002;7002;6983;6971;6942;6911;6908;6908;6904;6900;6900;6897;6897;6897;6897;6869;6863;6863;6851;6851;6851;6834;6834;6805;6805;6771;6764;6764;6764;6741;6741;6741;6734;6734;6734;6734;6712;6712;6712;6712;6712;6712;6691;6669;6666;6666;6657;6651;6621;6618;6577;6456;6391;6384;6382;6367;6359;6359;6356;6350;6332;6328;6322;6306;6301;6258;6215;6202;6202;6190;6190;6178;6162;6136;6123;6122;6114;6114;6090;6090;6081;6058;6039;6031;6030;6030;5979;5978;5969;5956;5956;5949;5938;5937;5874;5867;5848;5837;5754;5722;5717;5699;5695;5686;5636;5632;5622;5622;5613;5599;5599;5582;5581;5561;5561;5561;5556;5546;5546;5540;5540;5540;5540;5540;5540;5540;5540;5528;5528;5528;5527;5527;5527;5527;5527;5527;5527;5527;5527;5527;5527;5527;5527;5527;5527;5527;5527;5527;5527;5527;5527;5527;5527;5527;5527;5527;5527;5527;5527;5527;5527;5527;5527;5527;5527;5527;5527;5527;5527;5527;5527;5527;5527;5527;5527;5527;5527;5527;5527;5527;5527;5527;5527;5527;5527;5527;5527;5527;5527;5527;5527;5527;5527;5527;5527;5527;5527;5527;5527;5527;5527;5527;5527;5527;5527;5527;5527;5527;5527;5527;5527;5527;5527;5527;5527;5527;5527;5527; ;;;;;;;;;;;;;;;;;;;;;;;;;;;;;;;;;;;;;;;;;;;;;;;;;;;;;;;;;;;;;;;;;;;;;;;;;;;;;;;;;;;;;;;;;;;;;;;;;;;;;;;;;;;;;;;;;;;;;;;;;;;;;;;;;;;;;;;;;;;;;;;;;;;;;;;;;;;;;;;;;;;;;;;;;;;;;;;;;;;;;;;;;;;;;;;;;;;;;;;;;;;;;;;;;;;;;;;;;;;;;;;;;;;;;;;;;;;;;;;;
171;120;;200;0.8;400;5687;27475;93020;36138; ;24056;12232;9391;8526;7918;7650;7485;7291;7022;6896;6811;6673;6578;6483;6428;6367;6288;6248;6244;6222;6208;6196;6177;6172;6172;6122;6122;6090;6081;6071;6045;6022;5997;5997;5970;5970;5957;5950;5918;5869;5835;5832;5783;5783;5779;5730;5730;5730;5726;5726;5726;5723;5723;5723;5723;5723;5723;5711;5711;5711;5711;5708;5704;5704;5704;5704;5701;5701;5701;5701;5701;5701;5701;5687;5687;5687;5687;5687;5687;5687;5687;5687;5687;5687;5687;5687;5687;5687;5687;5687;5687;5687;5687;5687;5687;5687;5687;5687;5687;5687;5687;5687;5687;5687;5687;5687;5687;5687;5687;5687;5687;5687;5687;5687;5687;5687;5687;5687;5687;5687;5687;5687;5687;5687;5687;5687;5687;5687;5687;5687;5687;5687;5687;5687;5687;5687;5687;5687;5687;5687;5687;5687;5687;5687;5687;5687;5687;5687;5687;5687;5687;5687;5687;5687;5687;5687;5687;5687;5687;5687;5687;5687;5687;5687;5687;5687;5687;5687;5687;5687;5687;5687;5687;5687;5687;5687;5687;5687;5687;5687;5687;5687;5687;5687;5687;5687;5687;5687;5687;5687;5687;5687;5687;5687;5687;5687;5687;5687;5687;5687;5687;5687;5687;5687;5687;5687;5687;5687;5687;5687;5687;5687;5687;5687;5687;5687;5687;5687;5687;5687;5687;5687;5687;5687;5687;5687;5687;5687;5687;5687;5687;5687;5687;5687;5687;5687;5687;5687;5687;5687; ;;;;;;;;;;;;;;;;;;;;;;;;;;;;;;;;;;;;;;;;;;;;;;;;;;;;;;;;;;;;;;;;;;;;;;;;;;;;;;;;;;;;;;;;;;;;;;;;;;;;;;;;;;;;;;;;;;;;;;;;;;;;;;;;;;;;;;;;;;;;;;;;;;;;;;;;;;;;;;;;;;;;;;;;;;;;;;;;;;;;;;;;;;;;;;;;;;;;;;;;;;;;;;;;;;;;;;;;;;;;;;;;;;;;;;;;;;;;;;;;
171;120;;200;0.8;400;6221;56215;90594;74455; ;24367;12823;9801;8821;8431;8097;7897;7684;7628;7571;7467;7457;7438;7417;7416;7341;7299;7268;7254;7252;7240;7240;7224;7216;7214;7192;7182;7182;7162;7159;7140;7102;7080;7065;7050;7027;6902;6838;6770;6750;6750;6745;6745;6724;6724;6724;6708;6688;6677;6677;6677;6677;6675;6669;6669;6667;6665;6637;6637;6637;6614;6614;6614;6591;6591;6589;6570;6530;6530;6526;6525;6525;6521;6518;6508;6508;6508;6508;6508;6504;6501;6501;6501;6501;6498;6495;6495;6495;6483;6483;6483;6483;6483;6483;6480;6475;6475;6475;6464;6464;6464;6464;6464;6464;6464;6464;6464;6464;6464;6464;6455;6455;6455;6455;6455;6455;6447;6441;6441;6437;6437;6437;6437;6437;6437;6437;6433;6433;6433;6433;6387;6384;6361;6340;6338;6334;6304;6294;6294;6294;6288;6281;6281;6277;6276;6240;6227;6227;6227;6221;6221;6221;6221;6221;6221;6221;6221;6221;6221;6221;6221;6221;6221;6221;6221;6221;6221;6221;6221;6221;6221;6221;6221;6221;6221;6221;6221;6221;6221;6221;6221;6221;6221;6221;6221;6221;6221;6221;6221;6221;6221;6221;6221;6221;6221;6221;6221;6221;6221;6221;6221;6221;6221;6221;6221;6221;6221;6221;6221;6221;6221;6221;6221;6221;6221;6221;6221;6221;6221;6221;6221;6221;6221;6221;6221;6221;6221;6221;6221;6221;6221;6221;6221;6221;6221;6221;6221;6221;6221;6221; ;;;;;;;;;;;;;;;;;;;;;;;;;;;;;;;;;;;;;;;;;;;;;;;;;;;;;;;;;;;;;;;;;;;;;;;;;;;;;;;;;;;;;;;;;;;;;;;;;;;;;;;;;;;;;;;;;;;;;;;;;;;;;;;;;;;;;;;;;;;;;;;;;;;;;;;;;;;;;;;;;;;;;;;;;;;;;;;;;;;;;;;;;;;;;;;;;;;;;;;;;;;;;;;;;;;;;;;;;;;;;;;;;;;;;;;;;;;;;;;;
48;10;;100;0.8;0.01;2791;3524;29556;1269; ;5882;3058;2884;2791;2791;2791;2791;2791;2791;2791;2791;2791;2791;2791;2791;2791;2791;2791;2791;2791; ;;;;;;;;;;;;;;;;;;;;;;;;;;;;;;;;;;;;;;;;;;;;;;;;;;;;;;;;;;;;;;;;;;;;;;;;;;;;;;;;;;;;;;;;;;;;;;;;;;;;;;;;;;;;;;;;;;;;;;;;;;;;;;;;;;;;;;;;;;;;;;;;;;;;;;;;;;;;;;;;;;;;;;;;;;;;;;;;;;;;;;;;;;;;;;;;;;;;;;;;;;;;;;;;;;;;;;;;;;;;;;;;;;;;;;;;;;;;;;;;;;;;;;;;;;;;;;;;;;;;;;;;;;;;;;;;;;;;;;;;;;;;;;;;;;;;;;;;;;;;;;;;;;;;;;;;;;;;;;;;;;;;;;;;;;;;;;;;;;;;;;;;;;;;;;;;;;;;;;;;;;;;;;;;;;;;;;;;;;;;;;;;;;;;;;;;;;;;;;;;;;;;;;;;;;;;;;;;;;;;;;;;;;;;;;;;;;;;;;;;;;;;;;;;;;;;;;;;;;;;
171;30;;400;0.8;0.01;7007;17790;18318;29144; ;23914;13478;12056;11073;10241;10056;9583;9380;9154;9009;8912;8696;8464;8445;8394;8308;8159;8128;7991;7969;7889;7863;7702;7698;7644;7620;7595;7553;7528;7439;7415;7391;7379;7346;7314;7294;7233;7201;7162;7142;7142;7124;7122;7098;7098;7098;7098;7070;7070;7046;7046;7021;7021;7021;7021;7021;7021;7021;7021;7007; ;;;;;;;;;;;;;;;;;;;;;;;;;;;;;;;;;;;;;;;;;;;;;;;;;;;;;;;;;;;;;;;;;;;;;;;;;;;;;;;;;;;;;;;;;;;;;;;;;;;;;;;;;;;;;;;;;;;;;;;;;;;;;;;;;;;;;;;;;;;;;;;;;;;;;;;;;;;;;;;;;;;;;;;;;;;;;;;;;;;;;;;;;;;;;;;;;;;;;;;;;;;;;;;;;;;;;;;;;;;;;;;;;;;;;;;;;;;;;;;;;;;;;;;;;;;;;;;;;;;;;;;;;;;;;;;;;;;;;;;;;;;;;;;;;;;;;;;;;;;;;;;;;;;;;;;;;;;;;;;;;;;;;;;;;;;;;;;;;;;;;;;;;;;;;;;;;;;;;;;;;;;;;;;;;;;;;;;;;;;;;;;;;;;;;;;;;;;;;;;;;;;;;;;;;;;;;;;;;;;;
171;120;;400;0.8;0.01;6365;30171;74185;49017; ;23873;14186;11400;10139;9687;9454;9104;8800;8589;8390;8218;8110;8066;8014;7904;7840;7811;7654;7523;7523;7407;7363;7348;7331;7323;7302;7264;7204;7162;7162;7105;7033;7021;7005;7002;6936;6926;6879;6862;6835;6831;6831;6803;6779;6768;6768;6766;6746;6710;6710;6653;6629;6616;6616;6562;6562;6562;6542;6542;6542;6537;6537;6537;6507;6507;6445;6445;6445;6445;6445;6445;6432;6432;6432;6430;6414;6414;6401;6401;6401;6401;6401;6380;6380;6380;6380;6380;6380;6379;6379;6379;6379;6379;6379;6379;6379;6379;6379;6365;6365;6365;6365;6365;6365;6365;6365;6365;6365;6365;6365;6365;6365;6365;6365;6365;6365;6365;6365;6365;6365;6365;6365;6365;6365;6365;6365;6365;6365;6365;6365;6365;6365;6365;6365;6365;6365;6365;6365;6365;6365;6365;6365;6365;6365;6365;6365;6365;6365;6365;6365;6365;6365;6365;6365;6365;6365;6365;6365;6365;6365;6365;6365;6365;6365;6365;6365;6365;6365;6365;6365;6365;6365;6365;6365;6365;6365;6365;6365;6365;6365;6365;6365;6365;6365;6365;6365;6365;6365;6365;6365;6365;6365;6365;6365;6365;6365;6365;6365;6365;6365;6365;6365;6365;6365;6365;6365;6365;6365;6365;6365;6365;6365;6365;6365;6365;6365;6365;6365;6365;6365;6365;6365;6365;6365;6365;6365;6365;6365;6365;6365;6365;6365;6365;6365;6365;6365;6365;6365;6365;6365; ;;;;;;;;;;;;;;;;;;;;;;;;;;;;;;;;;;;;;;;;;;;;;;;;;;;;;;;;;;;;;;;;;;;;;;;;;;;;;;;;;;;;;;;;;;;;;;;;;;;;;;;;;;;;;;;;;;;;;;;;;;;;;;;;;;;;;;;;;;;;;;;;;;;;;;;;;;;;;;;;;;;;;;;;;;;;;;;;;;;;;;;;;;;;;;;;;;;;;;;;;;;;;;;;;;;;;;;;;;;;;;;;;;;;;;;;;;;;;;;;
171;120;;400;0.8;0.01;7001;31934;35930;105908; ;23828;12290;11498;10673;10336;9785;9349;9196;8961;8889;8767;8568;8554;8517;8500;8396;8353;8268;8268;8264;8263;8263;8248;8225;8216;8122;8122;8122;8122;8111;8105;8105;8105;8105;8067;8045;8045;8045;8045;8042;8031;8031;7975;7962;7962;7960;7960;7960;7960;7922;7922;7849;7849;7845;7840;7838;7838;7815;7808;7808;7808;7792;7792;7783;7772;7772;7772;7772;7772;7772;7772;7772;7685;7681;7681;7681;7681;7681;7681;7681;7663;7663;7630;7585;7560;7512;7512;7510;7510;7510;7510;7510;7510;7510;7475;7453;7453;7413;7413;7413;7413;7413;7402;7402;7402;7402;7402;7402;7402;7382;7382;7382;7382;7380;7380;7380;7361;7361;7361;7361;7361;7361;7361;7361;7361;7361;7361;7361;7360;7356;7356;7356;7356;7356;7356;7343;7343;7343;7343;7343;7324;7324;7324;7324;7324;7314;7314;7314;7314;7307;7307;7307;7307;7307;7259;7235;7235;7235;7235;7235;7235;7235;7235;7235;7235;7235;7235;7235;7235;7235;7235;7235;7235;7235;7235;7235;7235;7235;7235;7222;7222;7222;7222;7222;7222;7163;7163;7163;7163;7163;7163;7163;7163;7163;7163;7146;7146;7095;7095;7065;7062;7062;7062;7015;7015;7015;7015;7015;7015;7015;7015;7015;7001;7001;7001;7001;7001;7001;7001;7001;7001;7001;7001;7001;7001;7001;7001;7001;7001;7001;7001;7001;7001;7001;7001;7001;7001;7001;7001;7001; ;;;;;;;;;;;;;;;;;;;;;;;;;;;;;;;;;;;;;;;;;;;;;;;;;;;;;;;;;;;;;;;;;;;;;;;;;;;;;;;;;;;;;;;;;;;;;;;;;;;;;;;;;;;;;;;;;;;;;;;;;;;;;;;;;;;;;;;;;;;;;;;;;;;;;;;;;;;;;;;;;;;;;;;;;;;;;;;;;;;;;;;;;;;;;;;;;;;;;;;;;;;;;;;;;;;;;;;;;;;;;;;;;;;;;;;;;;;;;;;;
171;120;;400;0.8;0.01;7197;28980;29252;118888; ;23470;20610;15327;13193;12949;12349;11751;11356;11028;10799;10563;10328;10222;10059;9986;9875;9875;9815;9665;9579;9440;9440;9417;9334;9228;9186;9186;9181;9037;9034;8861;8860;8860;8860;8810;8665;8665;8644;8643;8625;8609;8609;8607;8598;8570;8563;8548;8548;8483;8457;8451;8451;8438;8418;8418;8418;8340;8227;8196;8196;8196;8144;8144;8144;8106;8106;8106;8088;8088;8088;8088;8088;8088;8050;8050;8050;8050;7998;7998;7998;7984;7984;7984;7964;7958;7958;7934;7934;7934;7934;7900;7900;7900;7900;7900;7849;7849;7849;7849;7803;7784;7783;7750;7750;7750;7682;7682;7681;7681;7681;7681;7651;7627;7608;7608;7608;7608;7608;7608;7596;7596;7596;7596;7596;7596;7596;7596;7596;7596;7596;7570;7532;7532;7510;7492;7492;7480;7480;7457;7457;7457;7457;7457;7457;7455;7455;7455;7455;7455;7455;7455;7455;7455;7455;7455;7455;7455;7455;7455;7455;7455;7455;7455;7455;7452;7452;7450;7450;7450;7450;7450;7450;7450;7450;7450;7450;7450;7450;7450;7450;7444;7444;7444;7444;7444;7444;7444;7444;7444;7444;7436;7436;7429;7413;7413;7384;7384;7384;7384;7381;7381;7381;7381;7381;7381;7381;7381;7381;7359;7359;7359;7359;7355;7355;7355;7355;7355;7326;7326;7326;7326;7326;7326;7326;7326;7326;7326;7206;7206;7206;7206;7206;7206;7206;7206;7199;7199;7197;7197; ;;;;;;;;;;;;;;;;;;;;;;;;;;;;;;;;;;;;;;;;;;;;;;;;;;;;;;;;;;;;;;;;;;;;;;;;;;;;;;;;;;;;;;;;;;;;;;;;;;;;;;;;;;;;;;;;;;;;;;;;;;;;;;;;;;;;;;;;;;;;;;;;;;;;;;;;;;;;;;;;;;;;;;;;;;;;;;;;;;;;;;;;;;;;;;;;;;;;;;;;;;;;;;;;;;;;;;;;;;;;;;;;;;;;;;;;;;;;;;;;;
171;120;;400;0.8;0.01;7156;36757;45972;87133; ;24062;18491;13957;13004;12462;11990;11855;11476;11185;10887;10686;10519;10355;10123;9975;9891;9686;9571;9553;9428;9381;9285;9257;9243;9185;9091;9021;9014;9001;8940;8940;8934;8896;8874;8828;8775;8719;8662;8626;8594;8594;8524;8503;8472;8458;8389;8354;8354;8324;8324;8304;8304;8304;8304;8304;8304;8298;8293;8293;8287;8287;8246;8246;8246;8224;8224;8221;8220;8166;8144;8144;8144;8144;8144;8141;8141;8111;8103;8103;8103;8055;8046;8008;8008;8003;7977;7977;7967;7941;7909;7883;7835;7813;7813;7803;7803;7801;7790;7790;7761;7743;7697;7697;7670;7609;7609;7609;7599;7496;7493;7446;7446;7421;7421;7410;7396;7396;7376;7376;7367;7346;7346;7346;7346;7346;7346;7346;7302;7302;7302;7302;7302;7302;7302;7302;7302;7302;7302;7302;7302;7302;7302;7272;7272;7272;7272;7250;7250;7250;7250;7250;7240;7240;7240;7240;7218;7218;7218;7218;7218;7218;7218;7218;7218;7218;7218;7218;7195;7195;7195;7195;7195;7195;7195;7156;7156;7156;7156;7156;7156;7156;7156;7156;7156;7156;7156;7156;7156;7156;7156;7156;7156;7156;7156;7156;7156;7156;7156;7156;7156;7156;7156;7156;7156;7156;7156;7156;7156;7156;7156;7156;7156;7156;7156;7156;7156;7156;7156;7156;7156;7156;7156;7156;7156;7156;7156;7156;7156;7156;7156;7156;7156;7156;7156;7156;7156;7156;7156;7156;7156; ;;;;;;;;;;;;;;;;;;;;;;;;;;;;;;;;;;;;;;;;;;;;;;;;;;;;;;;;;;;;;;;;;;;;;;;;;;;;;;;;;;;;;;;;;;;;;;;;;;;;;;;;;;;;;;;;;;;;;;;;;;;;;;;;;;;;;;;;;;;;;;;;;;;;;;;;;;;;;;;;;;;;;;;;;;;;;;;;;;;;;;;;;;;;;;;;;;;;;;;;;;;;;;;;;;;;;;;;;;;;;;;;;;;;;;;;;;;;;;;;
171;120;;400;0.8;0.01;7304;23150;29493;94378; ;23505;19362;13686;11935;11501;11353;11007;10918;10832;10610;10460;10438;10301;10032;9964;9946;9798;9700;9560;9344;9234;9226;9226;9160;9044;9022;9013;8907;8841;8821;8761;8573;8381;8333;8254;8210;8106;8072;8072;8070;8052;8048;7998;7998;7947;7947;7868;7860;7829;7829;7829;7771;7705;7705;7705;7705;7705;7705;7705;7705;7705;7705;7691;7671;7667;7649;7627;7620;7599;7589;7565;7522;7522;7507;7507;7507;7491;7491;7491;7491;7472;7468;7468;7468;7468;7468;7468;7468;7468;7468;7468;7459;7459;7459;7459;7459;7459;7459;7459;7459;7443;7443;7443;7443;7443;7441;7441;7441;7441;7441;7413;7413;7413;7413;7413;7413;7413;7366;7366;7366;7366;7366;7366;7366;7366;7366;7366;7366;7366;7366;7366;7366;7358;7358;7358;7340;7324;7324;7324;7324;7324;7324;7324;7324;7324;7324;7324;7324;7324;7324;7324;7324;7324;7324;7324;7324;7324;7324;7324;7324;7324;7324;7324;7324;7324;7324;7324;7324;7324;7324;7324;7324;7324;7324;7324;7324;7324;7312;7312;7312;7312;7312;7312;7312;7312;7312;7312;7312;7304;7304;7304;7304;7304;7304;7304;7304;7304;7304;7304;7304;7304;7304;7304;7304;7304;7304;7304;7304;7304;7304;7304;7304;7304;7304;7304;7304;7304;7304;7304;7304;7304;7304;7304;7304;7304;7304;7304;7304;7304;7304;7304;7304;7304;7304;7304;7304;7304;7304;7304; ;;;;;;;;;;;;;;;;;;;;;;;;;;;;;;;;;;;;;;;;;;;;;;;;;;;;;;;;;;;;;;;;;;;;;;;;;;;;;;;;;;;;;;;;;;;;;;;;;;;;;;;;;;;;;;;;;;;;;;;;;;;;;;;;;;;;;;;;;;;;;;;;;;;;;;;;;;;;;;;;;;;;;;;;;;;;;;;;;;;;;;;;;;;;;;;;;;;;;;;;;;;;;;;;;;;;;;;;;;;;;;;;;;;;;;;;;;;;;;;;;
171;120;;400;0.8;0.01;7384;28184;29300;115259; ;23604;20079;13772;12858;12359;11937;11520;11080;10947;10844;10562;10507;10393;10288;10178;10079;9905;9770;9393;9356;9188;9156;9115;9031;8963;8910;8910;8777;8727;8727;8597;8482;8465;8465;8401;8397;8379;8370;8332;8330;8290;8250;8212;8212;8212;8143;8143;8143;8135;8135;8084;8084;8042;7996;7981;7967;7925;7922;7860;7798;7754;7754;7754;7754;7712;7712;7708;7695;7695;7695;7695;7644;7612;7612;7611;7611;7611;7611;7610;7559;7559;7559;7559;7559;7550;7550;7529;7529;7529;7529;7529;7529;7517;7517;7517;7499;7499;7465;7465;7465;7465;7465;7465;7465;7465;7465;7465;7433;7433;7433;7433;7433;7433;7433;7433;7427;7427;7427;7427;7427;7427;7427;7427;7427;7427;7427;7427;7427;7427;7427;7427;7427;7427;7427;7427;7427;7427;7427;7427;7427;7427;7427;7427;7426;7426;7426;7426;7426;7426;7426;7426;7426;7426;7426;7426;7426;7426;7426;7426;7426;7426;7426;7426;7426;7426;7426;7426;7426;7426;7426;7426;7426;7426;7426;7426;7426;7426;7426;7426;7426;7426;7426;7426;7426;7426;7426;7426;7426;7426;7426;7426;7426;7426;7426;7426;7426;7426;7426;7426;7426;7426;7426;7426;7426;7426;7404;7404;7404;7404;7404;7404;7404;7404;7404;7404;7404;7404;7404;7404;7404;7404;7404;7404;7404;7404;7404;7404;7404;7404;7404;7384;7384;7384;7384;7384;7384;7384;7384;7384;7384; ;;;;;;;;;;;;;;;;;;;;;;;;;;;;;;;;;;;;;;;;;;;;;;;;;;;;;;;;;;;;;;;;;;;;;;;;;;;;;;;;;;;;;;;;;;;;;;;;;;;;;;;;;;;;;;;;;;;;;;;;;;;;;;;;;;;;;;;;;;;;;;;;;;;;;;;;;;;;;;;;;;;;;;;;;;;;;;;;;;;;;;;;;;;;;;;;;;;;;;;;;;;;;;;;;;;;;;;;;;;;;;;;;;;;;;;;;;;;;;;;
171;120;;400;0.8;0.01;7185;39595;49416;103859; ;24016;18016;12906;12422;11951;11470;11273;11103;10967;10805;10701;10555;10330;10130;9955;9882;9821;9730;9704;9572;9445;9405;9405;9340;9329;9296;9234;9134;9103;8955;8917;8893;8893;8817;8715;8715;8715;8704;8561;8553;8464;8442;8442;8437;8379;8355;8296;8282;8268;8227;8207;8207;8185;8161;8107;8089;8089;8070;7996;7996;7972;7940;7928;7913;7899;7899;7899;7899;7882;7815;7804;7791;7791;7778;7778;7778;7757;7757;7665;7665;7665;7665;7652;7652;7652;7570;7569;7569;7569;7569;7569;7534;7532;7532;7532;7532;7532;7532;7532;7532;7532;7532;7532;7532;7532;7532;7520;7520;7520;7520;7520;7520;7520;7520;7520;7520;7504;7504;7504;7504;7504;7504;7504;7502;7502;7502;7502;7502;7502;7484;7442;7442;7442;7442;7442;7437;7437;7437;7437;7437;7424;7424;7424;7424;7424;7424;7424;7424;7396;7396;7396;7396;7396;7396;7396;7396;7396;7396;7396;7396;7377;7377;7365;7350;7350;7350;7350;7350;7326;7326;7326;7319;7319;7319;7319;7319;7253;7253;7253;7253;7191;7191;7191;7191;7191;7191;7191;7191;7191;7191;7191;7191;7191;7191;7191;7191;7191;7191;7191;7191;7191;7191;7191;7191;7191;7187;7187;7187;7185;7185;7185;7185;7185;7185;7185;7185;7185;7185;7185;7185;7185;7185;7185;7185;7185;7185;7185;7185;7185;7185;7185;7185;7185;7185;7185;7185;7185;7185;7185;7185; ;;;;;;;;;;;;;;;;;;;;;;;;;;;;;;;;;;;;;;;;;;;;;;;;;;;;;;;;;;;;;;;;;;;;;;;;;;;;;;;;;;;;;;;;;;;;;;;;;;;;;;;;;;;;;;;;;;;;;;;;;;;;;;;;;;;;;;;;;;;;;;;;;;;;;;;;;;;;;;;;;;;;;;;;;;;;;;;;;;;;;;;;;;;;;;;;;;;;;;;;;;;;;;;;;;;;;;;;;;;;;;;;;;;;;;;;;;;;;;;;
171;120;;400;0.8;0.01;7837;23079;32960;82391; ;24177;13126;11823;10732;10281;9726;9376;9236;9210;9161;9161;9156;9103;9095;9072;9060;9023;8937;8874;8857;8857;8843;8776;8657;8653;8620;8606;8603;8603;8603;8568;8568;8568;8568;8568;8546;8546;8546;8502;8502;8502;8464;8464;8447;8402;8402;8395;8395;8331;8331;8272;8257;8257;8238;8238;8211;8211;8211;8211;8211;8211;8211;8192;8172;8172;8172;8154;8153;8152;8152;8152;8133;8133;8130;8122;8109;8109;8109;8109;8109;8109;8075;8075;8075;8075;8075;8075;8075;8075;8075;8075;8075;8075;8075;8051;8051;8051;8051;8051;8051;8041;8041;8041;8041;8041;8023;8023;8023;8023;8023;8023;7994;7994;7978;7978;7952;7952;7952;7910;7910;7910;7910;7910;7910;7910;7910;7910;7910;7910;7910;7910;7910;7910;7910;7905;7905;7905;7905;7905;7901;7901;7901;7901;7901;7891;7890;7890;7890;7878;7878;7878;7878;7878;7878;7878;7878;7878;7878;7878;7878;7878;7878;7878;7878;7878;7837;7837;7837;7837;7837;7837;7837;7837;7837;7837;7837;7837;7837;7837;7837;7837;7837;7837;7837;7837;7837;7837;7837;7837;7837;7837;7837;7837;7837;7837;7837;7837;7837;7837;7837;7837;7837;7837;7837;7837;7837;7837;7837;7837;7837;7837;7837;7837;7837;7837;7837;7837;7837;7837;7837;7837;7837;7837;7837;7837;7837;7837;7837;7837;7837;7837;7837;7837;7837;7837;7837;7837;7837;7837;7837; ;;;;;;;;;;;;;;;;;;;;;;;;;;;;;;;;;;;;;;;;;;;;;;;;;;;;;;;;;;;;;;;;;;;;;;;;;;;;;;;;;;;;;;;;;;;;;;;;;;;;;;;;;;;;;;;;;;;;;;;;;;;;;;;;;;;;;;;;;;;;;;;;;;;;;;;;;;;;;;;;;;;;;;;;;;;;;;;;;;;;;;;;;;;;;;;;;;;;;;;;;;;;;;;;;;;;;;;;;;;;;;;;;;;;;;;;;;;;;;;;
171;120;;400;0.8;0.01;6757;25911;30935;100222; ;22755;18678;12764;12241;11754;11531;11038;10682;10553;10316;10229;10055;9806;9690;9658;9640;9530;9448;9346;9346;9207;9194;9109;9072;9061;9018;8940;8920;8816;8779;8716;8699;8616;8616;8616;8577;8503;8492;8351;8331;8313;8285;8285;8216;8216;8075;8015;8015;8004;7962;7962;7962;7901;7877;7859;7859;7859;7800;7783;7766;7766;7762;7753;7684;7681;7681;7628;7628;7555;7555;7487;7487;7487;7487;7486;7482;7474;7474;7472;7472;7467;7467;7467;7467;7467;7462;7462;7462;7458;7458;7458;7446;7446;7446;7446;7394;7394;7390;7374;7346;7346;7346;7346;7346;7337;7337;7337;7321;7321;7321;7321;7274;7274;7274;7274;7274;7274;7272;7272;7265;7265;7235;7235;7235;7235;7234;7220;7220;7220;7220;7220;7220;7220;7220;7220;7205;7205;7179;7179;7179;7165;7104;7104;7104;7104;7104;7104;7104;7104;7104;7104;7104;7104;7104;7051;7051;7051;7051;7051;7051;7051;7051;7029;7029;7029;7029;7029;7029;7011;6981;6981;6981;6950;6950;6950;6950;6950;6950;6950;6950;6950;6851;6851;6851;6851;6851;6851;6851;6819;6819;6819;6819;6819;6819;6766;6766;6766;6766;6766;6766;6757;6757;6757;6757;6757;6757;6757;6757;6757;6757;6757;6757;6757;6757;6757;6757;6757;6757;6757;6757;6757;6757;6757;6757;6757;6757;6757;6757;6757;6757;6757;6757;6757;6757;6757;6757;6757;6757;6757;6757; ;;;;;;;;;;;;;;;;;;;;;;;;;;;;;;;;;;;;;;;;;;;;;;;;;;;;;;;;;;;;;;;;;;;;;;;;;;;;;;;;;;;;;;;;;;;;;;;;;;;;;;;;;;;;;;;;;;;;;;;;;;;;;;;;;;;;;;;;;;;;;;;;;;;;;;;;;;;;;;;;;;;;;;;;;;;;;;;;;;;;;;;;;;;;;;;;;;;;;;;;;;;;;;;;;;;;;;;;;;;;;;;;;;;;;;;;;;;;;;;;
171;120;;400;0.8;0.01;6777;43903;45662;113353; ;23861;18491;13418;12730;12223;11828;11410;11316;11158;10836;10434;10336;10284;10145;10051;9992;9955;9767;9644;9365;9171;8950;8735;8616;8453;8319;8143;7998;7971;7970;7952;7870;7865;7818;7818;7737;7735;7735;7730;7710;7710;7710;7707;7707;7705;7699;7699;7699;7699;7699;7677;7677;7665;7649;7649;7581;7545;7453;7421;7421;7421;7280;7280;7272;7238;7235;7175;7155;7101;7101;7101;7101;7101;7101;7101;7101;7101;7101;7101;7101;7101;7101;7092;7092;7078;7058;7055;7055;7055;7031;7031;6976;6976;6967;6958;6926;6926;6926;6918;6918;6918;6918;6857;6857;6857;6832;6832;6832;6824;6824;6824;6824;6824;6818;6818;6818;6818;6818;6818;6818;6818;6818;6818;6818;6818;6818;6818;6818;6818;6818;6818;6818;6818;6818;6818;6818;6818;6818;6818;6818;6818;6818;6818;6818;6818;6818;6818;6818;6818;6818;6818;6818;6818;6818;6818;6818;6818;6818;6818;6818;6818;6818;6818;6818;6818;6818;6818;6818;6818;6818;6818;6818;6818;6818;6818;6818;6818;6818;6818;6818;6818;6818;6818;6818;6818;6817;6817;6817;6817;6817;6817;6817;6817;6817;6817;6817;6817;6817;6817;6817;6817;6817;6817;6817;6817;6817;6817;6817;6817;6817;6817;6817;6817;6817;6817;6817;6817;6817;6817;6817;6817;6817;6817;6817;6817;6817;6817;6777;6777;6777;6777;6777;6777;6777;6777;6777;6777;6777;6777;6777; ;;;;;;;;;;;;;;;;;;;;;;;;;;;;;;;;;;;;;;;;;;;;;;;;;;;;;;;;;;;;;;;;;;;;;;;;;;;;;;;;;;;;;;;;;;;;;;;;;;;;;;;;;;;;;;;;;;;;;;;;;;;;;;;;;;;;;;;;;;;;;;;;;;;;;;;;;;;;;;;;;;;;;;;;;;;;;;;;;;;;;;;;;;;;;;;;;;;;;;;;;;;;;;;;;;;;;;;;;;;;;;;;;;;;;;;;;;;;;;;;
171;120;;400;0.8;0.01;6782;28057;29415;114696; ;24054;20270;15577;12753;12238;11897;11457;11285;10968;10832;10741;10444;10366;10086;9856;9805;9679;9591;9519;9398;9364;9205;9135;8979;8803;8739;8617;8595;8495;8459;8366;8346;8302;8302;8274;8274;8274;8227;8177;7978;7939;7909;7847;7847;7847;7847;7847;7847;7829;7748;7678;7678;7678;7678;7678;7634;7581;7581;7581;7581;7551;7551;7551;7531;7528;7501;7486;7486;7397;7339;7339;7339;7338;7338;7338;7338;7334;7334;7328;7328;7328;7306;7306;7297;7289;7164;7164;7097;7097;7076;7046;7046;7046;7046;7045;7021;7021;7021;7021;7021;7021;7016;6969;6969;6969;6969;6969;6964;6964;6964;6964;6964;6964;6964;6964;6964;6964;6964;6964;6964;6964;6927;6927;6924;6891;6891;6891;6891;6891;6891;6891;6891;6845;6843;6843;6843;6843;6843;6829;6810;6810;6810;6810;6810;6810;6810;6810;6810;6810;6810;6810;6810;6810;6810;6810;6810;6810;6810;6810;6810;6810;6810;6810;6810;6810;6810;6810;6810;6810;6810;6810;6810;6810;6810;6810;6810;6810;6794;6794;6794;6794;6794;6794;6794;6794;6794;6794;6794;6794;6794;6794;6794;6794;6794;6794;6794;6794;6794;6794;6794;6794;6794;6794;6794;6794;6794;6794;6794;6794;6794;6794;6794;6794;6794;6794;6794;6794;6794;6794;6794;6794;6794;6794;6794;6794;6794;6794;6794;6794;6782;6782;6782;6782;6782;6782;6782;6782;6782;6782; ;;;;;;;;;;;;;;;;;;;;;;;;;;;;;;;;;;;;;;;;;;;;;;;;;;;;;;;;;;;;;;;;;;;;;;;;;;;;;;;;;;;;;;;;;;;;;;;;;;;;;;;;;;;;;;;;;;;;;;;;;;;;;;;;;;;;;;;;;;;;;;;;;;;;;;;;;;;;;;;;;;;;;;;;;;;;;;;;;;;;;;;;;;;;;;;;;;;;;;;;;;;;;;;;;;;;;;;;;;;;;;;;;;;;;;;;;;;;;;;;;
48;60;0;100;0.8;0.01;2851;5760;174384;2051; ;6110;3302;3092;2907;2862;2851;2851;2851;2851;2851;2851;2851;2851;2851;2851;2851;2851;2851;2851;2851;2851;2851;2851;2851;2851;2851;2851;2851;2851;2851;2851;2851;2851;2851;2851;2851;2851;2851;2851;2851;2851;2851;2851;2851;2851;2851;2851;2851;2851;2851;2851;2851;2851;2851;2851;2851;2851;2851;2851;2851;2851;2851;2851;2851;2851;2851;2851;2851;2851;2851;2851;2851;2851;2851;2851;2851;2851;2851;2851;2851;2851;2851;2851;2851;2851;2851;2851;2851;2851;2851;2851;2851;2851;2851;2851;2851;2851;2851;2851;2851;2851;2851;2851;2851;2851;2851;2851;2851;2851;2851;2851;2851;2851;2851;2851;2851;2851;2851;2851;2851; ;;;;;;;;;;;;;;;;;;;;;;;;;;;;;;;;;;;;;;;;;;;;;;;;;;;;;;;;;;;;;;;;;;;;;;;;;;;;;;;;;;;;;;;;;;;;;;;;;;;;;;;;;;;;;;;;;;;;;;;;;;;;;;;;;;;;;;;;;;;;;;;;;;;;;;;;;;;;;;;;;;;;;;;;;;;;;;;;;;;;;;;;;;;;;;;;;;;;;;;;;;;;;;;;;;;;;;;;;;;;;;;;;;;;;;;;;;;;;;;;;;;;;;;;;;;;;;;;;;;;;;;;;;;;;;;;;;;;;;;;;;;;;;;;;;;;;;;;;;;;;;;;;;;;;;;;;;;;;;;;;;;;;;;;;;;;;;;;;;;;;;;;;;;;;;;;;;;;;;;;
48;60;0;100;0.8;0.01;2508;4213;175821;1459; ;5542;2657;2580;2508;2508;2508;2508;2508;2508;2508;2508;2508;2508;2508;2508;2508;2508;2508;2508;2508;2508;2508;2508;2508;2508;2508;2508;2508;2508;2508;2508;2508;2508;2508;2508;2508;2508;2508;2508;2508;2508;2508;2508;2508;2508;2508;2508;2508;2508;2508;2508;2508;2508;2508;2508;2508;2508;2508;2508;2508;2508;2508;2508;2508;2508;2508;2508;2508;2508;2508;2508;2508;2508;2508;2508;2508;2508;2508;2508;2508;2508;2508;2508;2508;2508;2508;2508;2508;2508;2508;2508;2508;2508;2508;2508;2508;2508;2508;2508;2508;2508;2508;2508;2508;2508;2508;2508;2508;2508;2508;2508;2508;2508;2508;2508;2508;2508;2508;2508;2508; ;;;;;;;;;;;;;;;;;;;;;;;;;;;;;;;;;;;;;;;;;;;;;;;;;;;;;;;;;;;;;;;;;;;;;;;;;;;;;;;;;;;;;;;;;;;;;;;;;;;;;;;;;;;;;;;;;;;;;;;;;;;;;;;;;;;;;;;;;;;;;;;;;;;;;;;;;;;;;;;;;;;;;;;;;;;;;;;;;;;;;;;;;;;;;;;;;;;;;;;;;;;;;;;;;;;;;;;;;;;;;;;;;;;;;;;;;;;;;;;;;;;;;;;;;;;;;;;;;;;;;;;;;;;;;;;;;;;;;;;;;;;;;;;;;;;;;;;;;;;;;;;;;;;;;;;;;;;;;;;;;;;;;;;;;;;;;;;;;;;;;;;;;;;;;;;;;;;;;;;;
48;60;0;100;0.8;0.01;2667;16361;175479;5622; ;5940;3168;2934;2896;2838;2781;2748;2735;2707;2707;2702;2702;2667;2667;2667;2667;2667;2667;2667;2667;2667;2667;2667;2667;2667;2667;2667;2667;2667;2667;2667;2667;2667;2667;2667;2667;2667;2667;2667;2667;2667;2667;2667;2667;2667;2667;2667;2667;2667;2667;2667;2667;2667;2667;2667;2667;2667;2667;2667;2667;2667;2667;2667;2667;2667;2667;2667;2667;2667;2667;2667;2667;2667;2667;2667;2667;2667;2667;2667;2667;2667;2667;2667;2667;2667;2667;2667;2667;2667;2667;2667;2667;2667;2667;2667;2667;2667;2667;2667;2667;2667;2667;2667;2667;2667;2667;2667;2667;2667;2667;2667;2667;2667;2667;2667;2667;2667;2667;2667;2667; ;;;;;;;;;;;;;;;;;;;;;;;;;;;;;;;;;;;;;;;;;;;;;;;;;;;;;;;;;;;;;;;;;;;;;;;;;;;;;;;;;;;;;;;;;;;;;;;;;;;;;;;;;;;;;;;;;;;;;;;;;;;;;;;;;;;;;;;;;;;;;;;;;;;;;;;;;;;;;;;;;;;;;;;;;;;;;;;;;;;;;;;;;;;;;;;;;;;;;;;;;;;;;;;;;;;;;;;;;;;;;;;;;;;;;;;;;;;;;;;;;;;;;;;;;;;;;;;;;;;;;;;;;;;;;;;;;;;;;;;;;;;;;;;;;;;;;;;;;;;;;;;;;;;;;;;;;;;;;;;;;;;;;;;;;;;;;;;;;;;;;;;;;;;;;;;;;;;;;;;;
48;60;0;100;0.8;0.01;2473;4005;174438;1398; ;5884;2696;2541;2473;2473;2473;2473;2473;2473;2473;2473;2473;2473;2473;2473;2473;2473;2473;2473;2473;2473;2473;2473;2473;2473;2473;2473;2473;2473;2473;2473;2473;2473;2473;2473;2473;2473;2473;2473;2473;2473;2473;2473;2473;2473;2473;2473;2473;2473;2473;2473;2473;2473;2473;2473;2473;2473;2473;2473;2473;2473;2473;2473;2473;2473;2473;2473;2473;2473;2473;2473;2473;2473;2473;2473;2473;2473;2473;2473;2473;2473;2473;2473;2473;2473;2473;2473;2473;2473;2473;2473;2473;2473;2473;2473;2473;2473;2473;2473;2473;2473;2473;2473;2473;2473;2473;2473;2473;2473;2473;2473;2473;2473;2473;2473;2473;2473;2473;2473;2473; ;;;;;;;;;;;;;;;;;;;;;;;;;;;;;;;;;;;;;;;;;;;;;;;;;;;;;;;;;;;;;;;;;;;;;;;;;;;;;;;;;;;;;;;;;;;;;;;;;;;;;;;;;;;;;;;;;;;;;;;;;;;;;;;;;;;;;;;;;;;;;;;;;;;;;;;;;;;;;;;;;;;;;;;;;;;;;;;;;;;;;;;;;;;;;;;;;;;;;;;;;;;;;;;;;;;;;;;;;;;;;;;;;;;;;;;;;;;;;;;;;;;;;;;;;;;;;;;;;;;;;;;;;;;;;;;;;;;;;;;;;;;;;;;;;;;;;;;;;;;;;;;;;;;;;;;;;;;;;;;;;;;;;;;;;;;;;;;;;;;;;;;;;;;;;;;;;;;;;;;;
48;60;0;100;0.8;0.01;2774;5065;175389;1814; ;5755;3039;2981;2860;2774;2774;2774;2774;2774;2774;2774;2774;2774;2774;2774;2774;2774;2774;2774;2774;2774;2774;2774;2774;2774;2774;2774;2774;2774;2774;2774;2774;2774;2774;2774;2774;2774;2774;2774;2774;2774;2774;2774;2774;2774;2774;2774;2774;2774;2774;2774;2774;2774;2774;2774;2774;2774;2774;2774;2774;2774;2774;2774;2774;2774;2774;2774;2774;2774;2774;2774;2774;2774;2774;2774;2774;2774;2774;2774;2774;2774;2774;2774;2774;2774;2774;2774;2774;2774;2774;2774;2774;2774;2774;2774;2774;2774;2774;2774;2774;2774;2774;2774;2774;2774;2774;2774;2774;2774;2774;2774;2774;2774;2774;2774;2774;2774;2774;2774;2774; ;;;;;;;;;;;;;;;;;;;;;;;;;;;;;;;;;;;;;;;;;;;;;;;;;;;;;;;;;;;;;;;;;;;;;;;;;;;;;;;;;;;;;;;;;;;;;;;;;;;;;;;;;;;;;;;;;;;;;;;;;;;;;;;;;;;;;;;;;;;;;;;;;;;;;;;;;;;;;;;;;;;;;;;;;;;;;;;;;;;;;;;;;;;;;;;;;;;;;;;;;;;;;;;;;;;;;;;;;;;;;;;;;;;;;;;;;;;;;;;;;;;;;;;;;;;;;;;;;;;;;;;;;;;;;;;;;;;;;;;;;;;;;;;;;;;;;;;;;;;;;;;;;;;;;;;;;;;;;;;;;;;;;;;;;;;;;;;;;;;;;;;;;;;;;;;;;;;;;;;;
48;60;0;100;0.8;0.01;2945;4204;175225;1474; ;6052;3090;2970;2945;2945;2945;2945;2945;2945;2945;2945;2945;2945;2945;2945;2945;2945;2945;2945;2945;2945;2945;2945;2945;2945;2945;2945;2945;2945;2945;2945;2945;2945;2945;2945;2945;2945;2945;2945;2945;2945;2945;2945;2945;2945;2945;2945;2945;2945;2945;2945;2945;2945;2945;2945;2945;2945;2945;2945;2945;2945;2945;2945;2945;2945;2945;2945;2945;2945;2945;2945;2945;2945;2945;2945;2945;2945;2945;2945;2945;2945;2945;2945;2945;2945;2945;2945;2945;2945;2945;2945;2945;2945;2945;2945;2945;2945;2945;2945;2945;2945;2945;2945;2945;2945;2945;2945;2945;2945;2945;2945;2945;2945;2945;2945;2945;2945;2945;2945;2945; ;;;;;;;;;;;;;;;;;;;;;;;;;;;;;;;;;;;;;;;;;;;;;;;;;;;;;;;;;;;;;;;;;;;;;;;;;;;;;;;;;;;;;;;;;;;;;;;;;;;;;;;;;;;;;;;;;;;;;;;;;;;;;;;;;;;;;;;;;;;;;;;;;;;;;;;;;;;;;;;;;;;;;;;;;;;;;;;;;;;;;;;;;;;;;;;;;;;;;;;;;;;;;;;;;;;;;;;;;;;;;;;;;;;;;;;;;;;;;;;;;;;;;;;;;;;;;;;;;;;;;;;;;;;;;;;;;;;;;;;;;;;;;;;;;;;;;;;;;;;;;;;;;;;;;;;;;;;;;;;;;;;;;;;;;;;;;;;;;;;;;;;;;;;;;;;;;;;;;;;;
48;60;0;100;0.8;0.01;2360;5397;173512;1872; ;5916;2596;2435;2433;2360;2360;2360;2360;2360;2360;2360;2360;2360;2360;2360;2360;2360;2360;2360;2360;2360;2360;2360;2360;2360;2360;2360;2360;2360;2360;2360;2360;2360;2360;2360;2360;2360;2360;2360;2360;2360;2360;2360;2360;2360;2360;2360;2360;2360;2360;2360;2360;2360;2360;2360;2360;2360;2360;2360;2360;2360;2360;2360;2360;2360;2360;2360;2360;2360;2360;2360;2360;2360;2360;2360;2360;2360;2360;2360;2360;2360;2360;2360;2360;2360;2360;2360;2360;2360;2360;2360;2360;2360;2360;2360;2360;2360;2360;2360;2360;2360;2360;2360;2360;2360;2360;2360;2360;2360;2360;2360;2360;2360;2360;2360;2360;2360;2360;2360;2360; ;;;;;;;;;;;;;;;;;;;;;;;;;;;;;;;;;;;;;;;;;;;;;;;;;;;;;;;;;;;;;;;;;;;;;;;;;;;;;;;;;;;;;;;;;;;;;;;;;;;;;;;;;;;;;;;;;;;;;;;;;;;;;;;;;;;;;;;;;;;;;;;;;;;;;;;;;;;;;;;;;;;;;;;;;;;;;;;;;;;;;;;;;;;;;;;;;;;;;;;;;;;;;;;;;;;;;;;;;;;;;;;;;;;;;;;;;;;;;;;;;;;;;;;;;;;;;;;;;;;;;;;;;;;;;;;;;;;;;;;;;;;;;;;;;;;;;;;;;;;;;;;;;;;;;;;;;;;;;;;;;;;;;;;;;;;;;;;;;;;;;;;;;;;;;;;;;;;;;;;;
48;60;0;100;0.8;0.01;2511;9186;167825;3158; ;5948;2922;2678;2678;2642;2513;2513;2511;2511;2511;2511;2511;2511;2511;2511;2511;2511;2511;2511;2511;2511;2511;2511;2511;2511;2511;2511;2511;2511;2511;2511;2511;2511;2511;2511;2511;2511;2511;2511;2511;2511;2511;2511;2511;2511;2511;2511;2511;2511;2511;2511;2511;2511;2511;2511;2511;2511;2511;2511;2511;2511;2511;2511;2511;2511;2511;2511;2511;2511;2511;2511;2511;2511;2511;2511;2511;2511;2511;2511;2511;2511;2511;2511;2511;2511;2511;2511;2511;2511;2511;2511;2511;2511;2511;2511;2511;2511;2511;2511;2511;2511;2511;2511;2511;2511;2511;2511;2511;2511;2511;2511;2511;2511;2511;2511;2511;2511;2511;2511;2511; ;;;;;;;;;;;;;;;;;;;;;;;;;;;;;;;;;;;;;;;;;;;;;;;;;;;;;;;;;;;;;;;;;;;;;;;;;;;;;;;;;;;;;;;;;;;;;;;;;;;;;;;;;;;;;;;;;;;;;;;;;;;;;;;;;;;;;;;;;;;;;;;;;;;;;;;;;;;;;;;;;;;;;;;;;;;;;;;;;;;;;;;;;;;;;;;;;;;;;;;;;;;;;;;;;;;;;;;;;;;;;;;;;;;;;;;;;;;;;;;;;;;;;;;;;;;;;;;;;;;;;;;;;;;;;;;;;;;;;;;;;;;;;;;;;;;;;;;;;;;;;;;;;;;;;;;;;;;;;;;;;;;;;;;;;;;;;;;;;;;;;;;;;;;;;;;;;;;;;;;;
48;60;0;100;0.8;0.01;2791;8329;175542;2871; ;6010;3447;3207;3039;2868;2851;2791;2791;2791;2791;2791;2791;2791;2791;2791;2791;2791;2791;2791;2791;2791;2791;2791;2791;2791;2791;2791;2791;2791;2791;2791;2791;2791;2791;2791;2791;2791;2791;2791;2791;2791;2791;2791;2791;2791;2791;2791;2791;2791;2791;2791;2791;2791;2791;2791;2791;2791;2791;2791;2791;2791;2791;2791;2791;2791;2791;2791;2791;2791;2791;2791;2791;2791;2791;2791;2791;2791;2791;2791;2791;2791;2791;2791;2791;2791;2791;2791;2791;2791;2791;2791;2791;2791;2791;2791;2791;2791;2791;2791;2791;2791;2791;2791;2791;2791;2791;2791;2791;2791;2791;2791;2791;2791;2791;2791;2791;2791;2791;2791;2791; ;;;;;;;;;;;;;;;;;;;;;;;;;;;;;;;;;;;;;;;;;;;;;;;;;;;;;;;;;;;;;;;;;;;;;;;;;;;;;;;;;;;;;;;;;;;;;;;;;;;;;;;;;;;;;;;;;;;;;;;;;;;;;;;;;;;;;;;;;;;;;;;;;;;;;;;;;;;;;;;;;;;;;;;;;;;;;;;;;;;;;;;;;;;;;;;;;;;;;;;;;;;;;;;;;;;;;;;;;;;;;;;;;;;;;;;;;;;;;;;;;;;;;;;;;;;;;;;;;;;;;;;;;;;;;;;;;;;;;;;;;;;;;;;;;;;;;;;;;;;;;;;;;;;;;;;;;;;;;;;;;;;;;;;;;;;;;;;;;;;;;;;;;;;;;;;;;;;;;;;;
48;60;0;100;0.8;0.01;2734;5817;176579;2004; ;6329;3017;2859;2759;2740;2734;2734;2734;2734;2734;2734;2734;2734;2734;2734;2734;2734;2734;2734;2734;2734;2734;2734;2734;2734;2734;2734;2734;2734;2734;2734;2734;2734;2734;2734;2734;2734;2734;2734;2734;2734;2734;2734;2734;2734;2734;2734;2734;2734;2734;2734;2734;2734;2734;2734;2734;2734;2734;2734;2734;2734;2734;2734;2734;2734;2734;2734;2734;2734;2734;2734;2734;2734;2734;2734;2734;2734;2734;2734;2734;2734;2734;2734;2734;2734;2734;2734;2734;2734;2734;2734;2734;2734;2734;2734;2734;2734;2734;2734;2734;2734;2734;2734;2734;2734;2734;2734;2734;2734;2734;2734;2734;2734;2734;2734;2734;2734;2734;2734;2734; ;;;;;;;;;;;;;;;;;;;;;;;;;;;;;;;;;;;;;;;;;;;;;;;;;;;;;;;;;;;;;;;;;;;;;;;;;;;;;;;;;;;;;;;;;;;;;;;;;;;;;;;;;;;;;;;;;;;;;;;;;;;;;;;;;;;;;;;;;;;;;;;;;;;;;;;;;;;;;;;;;;;;;;;;;;;;;;;;;;;;;;;;;;;;;;;;;;;;;;;;;;;;;;;;;;;;;;;;;;;;;;;;;;;;;;;;;;;;;;;;;;;;;;;;;;;;;;;;;;;;;;;;;;;;;;;;;;;;;;;;;;;;;;;;;;;;;;;;;;;;;;;;;;;;;;;;;;;;;;;;;;;;;;;;;;;;;;;;;;;;;;;;;;;;;;;;;;;;;;;;
403;180;0;800;0.8;0.01;2791;40262;40394;179422; ;7158;6843;6641;6424;6095;5306;4810;4473;4271;4179;4100;3995;3934;3885;3833;3802;3733;3689;3671;3652;3614;3597;3551;3540;3525;3519;3509;3488;3481;3462;3447;3432;3423;3408;3390;3387;3371;3356;3334;3330;3320;3317;3296;3292;3291;3284;3271;3268;3265;3252;3242;3232;3227;3222;3209;3194;3193;3193;3184;3163;3161;3161;3151;3137;3132;3132;3132;3128;3115;3115;3110;3100;3094;3092;3085;3083;3083;3080;3074;3071;3066;3066;3065;3065;3063;3057;3050;3049;3049;3049;3049;3040;3037;3024;3024;3017;3015;3015;3015;3015;3012;3005;2997;2996;2996;2985;2980;2980;2975;2964;2958;2958;2958;2957;2957;2953;2953;2953;2953;2951;2951;2950;2948;2948;2948;2947;2947;2947;2936;2936;2936;2935;2934;2934;2929;2929;2923;2923;2916;2914;2914;2907;2907;2897;2896;2896;2896;2894;2894;2888;2888;2882;2882;2882;2882;2882;2881;2881;2881;2881;2879;2878;2877;2877;2877;2874;2873;2870;2868;2868;2867;2858;2858;2849;2849;2849;2843;2841;2841;2841;2841;2841;2841;2840;2840;2840;2840;2840;2840;2840;2840;2840;2840;2840;2840;2840;2840;2840;2840;2840;2839;2830;2830;2830;2830;2830;2830;2830;2830;2830;2830;2830;2830;2830;2830;2830;2830;2830;2830;2830;2830;2830;2830;2830;2830;2830;2830;2830;2828;2818;2818;2818;2818;2818;2818;2818;2818;2818;2818;2818;2818;2818;2818;2818;2818;2818;2818;2818;2818;2818;2818;2818;2818;2818;2818;2818;2818;2818;2818;2818;2818;2818;2815;2815;2815;2815;2815;2815;2815;2815;2815;2814;2814;2814;2814;2814;2814;2807;2807;2807;2806;2806;2806;2806;2806;2806;2806;2806;2806;2806;2806;2806;2806;2806;2806;2806;2806;2806;2806;2804;2804;2804;2804;2804;2803;2803;2803;2796;2796;2796;2796;2796;2796;2796;2796;2796;2796;2796;2796;2796;2796;2796;2796;2796;2796;2796;2796;2796;2796;2796;2796;2796;2796;2796;2796;2796;2796;2795;2795;2792;2792;2792;2792;2792;2792;2792;2792;2792;2792;2792;2792;2792;2792;2792;2792;2792;2792;2792;2791; ;;;;;;;;;;;;;;;;;;;;;;;;;;;;;;;;;;;;;;;;;;;;;;;;;;;;;;;;;;;;;;;;;;;;;;;;;;;;;;;;;;;;;;;;;;;;;;;;;;;;;;;;;;;;;;;;;;;;;;;;;
403;240;0;800;0.8;0.01;2810;52205;54075;231836; ;7262;6784;6377;5763;5170;4694;4405;4287;4170;4107;4071;4053;3998;3936;3890;3851;3825;3779;3726;3705;3657;3633;3611;3577;3570;3536;3512;3492;3470;3463;3462;3458;3434;3433;3422;3395;3381;3354;3345;3339;3322;3296;3286;3276;3264;3257;3256;3248;3233;3231;3227;3224;3223;3213;3208;3202;3198;3193;3188;3176;3170;3167;3158;3154;3148;3146;3141;3138;3132;3130;3130;3127;3124;3123;3123;3123;3120;3120;3120;3118;3118;3115;3109;3109;3107;3105;3105;3103;3103;3096;3096;3096;3096;3092;3092;3090;3089;3082;3080;3076;3076;3076;3072;3072;3063;3055;3055;3054;3045;3045;3041;3035;3035;3035;3035;3027;3027;3019;3019;3012;3012;3012;3009;3005;2997;2997;2984;2984;2984;2978;2968;2966;2966;2966;2966;2961;2959;2959;2959;2959;2959;2959;2951;2951;2951;2951;2951;2951;2951;2951;2951;2951;2951;2951;2950;2950;2950;2950;2948;2948;2947;2947;2947;2946;2945;2945;2945;2945;2945;2941;2940;2940;2940;2940;2940;2932;2929;2929;2929;2929;2922;2922;2922;2922;2922;2921;2921;2921;2921;2921;2921;2921;2921;2921;2921;2916;2916;2916;2916;2916;2916;2916;2916;2915;2915;2914;2914;2914;2914;2914;2907;2907;2907;2900;2900;2900;2898;2898;2898;2896;2896;2896;2896;2896;2896;2896;2892;2892;2892;2891;2891;2891;2891;2891;2891;2891;2889;2888;2888;2888;2888;2888;2888;2888;2888;2888;2888;2888;2888;2888;2888;2887;2887;2886;2886;2886;2886;2886;2886;2886;2886;2886;2877;2877;2877;2877;2877;2877;2877;2877;2877;2877;2877;2877;2877;2877;2877;2871;2871;2871;2871;2871;2871;2871;2871;2871;2871;2871;2870;2870;2870;2870;2870;2870;2870;2870;2870;2870;2867;2867;2867;2867;2867;2867;2867;2867;2867;2867;2867;2867;2867;2867;2867;2867;2867;2867;2858;2857;2857;2854;2854;2854;2853;2851;2851;2851;2851;2851;2851;2851;2851;2851;2850;2850;2850;2850;2850;2849;2849;2849;2849;2849;2849;2849;2848;2848;2848;2848;2848;2848;2848;2848;2848;2848;2848;2845;2845;2845;2844;2843;2843;2834;2834;2825;2825;2825;2825;2825;2822;2822;2821;2821;2821;2820;2820;2820;2820;2820;2819;2819;2819;2819;2819;2819;2819;2819;2819;2819;2815;2815;2815;2815;2815;2815;2815;2815;2815;2815;2814;2813;2813;2813;2813;2813;2813;2813;2813;2813;2813;2813;2812;2812;2812;2812;2812;2812;2812;2812;2812;2812;2812;2812;2812;2812;2812;2812;2812;2812;2812;2812;2812;2812;2812;2812;2812;2812;2812;2812;2812;2812;2812;2812;2812;2812;2812;2812;2812;2812;2812;2812;2812;2812;2812;2812;2812;2811;2811;2811;2811;2811;2811;2811;2810;2810;2810;2810;2810;2810;2810;2810;2810;2810;2810;2810;2810;2810;2810;2810; ;;
403;240;0;800;0.8;0.01;2818;34143;34685;237524; ;7277;6775;6434;5773;5097;4677;4497;4395;4312;4231;4134;4075;4030;3987;3963;3945;3908;3894;3880;3861;3846;3829;3819;3780;3771;3757;3748;3734;3724;3694;3681;3636;3630;3610;3599;3591;3585;3570;3564;3552;3547;3529;3514;3508;3490;3486;3485;3483;3482;3482;3472;3471;3470;3465;3459;3448;3438;3429;3420;3420;3420;3417;3413;3413;3411;3411;3401;3401;3400;3400;3393;3391;3373;3371;3369;3369;3368;3356;3355;3345;3345;3345;3345;3343;3337;3334;3334;3330;3324;3323;3323;3311;3307;3306;3300;3300;3300;3288;3286;3283;3275;3273;3273;3270;3266;3262;3262;3261;3257;3255;3255;3255;3254;3248;3248;3248;3248;3247;3244;3244;3243;3243;3243;3239;3238;3238;3236;3236;3236;3230;3222;3213;3203;3203;3196;3188;3188;3181;3172;3172;3172;3172;3172;3172;3166;3163;3163;3163;3163;3163;3163;3155;3155;3155;3155;3154;3154;3153;3148;3148;3148;3143;3143;3143;3142;3142;3142;3142;3136;3129;3129;3129;3128;3128;3128;3128;3128;3118;3111;3109;3109;3099;3099;3099;3098;3098;3098;3098;3098;3098;3098;3091;3091;3091;3081;3077;3077;3077;3077;3077;3075;3075;3075;3075;3075;3074;3073;3072;3072;3072;3072;3072;3068;3066;3062;3062;3062;3062;3062;3061;3061;3059;3058;3058;3058;3058;3052;3052;3052;3052;3052;3052;3049;3046;3046;3046;3045;3045;3044;3044;3044;3044;3044;3044;3034;3034;3033;3031;3023;3011;3000;2994;2994;2992;2992;2992;2992;2989;2989;2987;2987;2986;2986;2986;2980;2980;2980;2980;2980;2980;2980;2980;2980;2974;2974;2974;2974;2974;2974;2974;2972;2965;2965;2963;2963;2963;2963;2963;2963;2963;2963;2963;2956;2956;2956;2956;2956;2956;2956;2956;2956;2956;2956;2956;2956;2956;2951;2951;2951;2950;2950;2948;2945;2945;2945;2942;2942;2941;2941;2931;2931;2931;2918;2912;2912;2912;2910;2910;2910;2910;2909;2909;2901;2901;2901;2901;2901;2898;2898;2898;2898;2898;2898;2898;2897;2897;2897;2897;2897;2896;2896;2896;2896;2896;2892;2892;2892;2892;2892;2892;2892;2892;2892;2892;2892;2892;2892;2892;2892;2889;2889;2889;2889;2889;2889;2882;2882;2882;2882;2881;2881;2881;2881;2881;2879;2879;2873;2873;2873;2873;2873;2872;2872;2872;2872;2872;2872;2872;2872;2872;2872;2872;2862;2858;2858;2858;2858;2858;2858;2856;2856;2856;2856;2856;2856;2856;2856;2856;2851;2851;2848;2848;2846;2846;2846;2846;2846;2846;2846;2846;2846;2846;2846;2846;2845;2845;2845;2844;2844;2837;2837;2837;2833;2833;2833;2833;2833;2833;2833;2825;2825;2825;2825;2825;2825;2824;2824;2824;2824;2824;2820;2820;2820;2820;2820;2820;2820;2819;2819;2819;2819;2819;2818;2818;2818;2818;2818; ;;;
TESTY BEGIGNE HERE;;;;;;;;;;;;;;;;;;;;;;;;;;;;;;;;;;;;;;;;;;;;;;;;;;;;;;;;;;;;;;;;;;;;;;;;;;;;;;;;;;;;;;;;;;;;;;;;;;;;;;;;;;;;;;;;;;;;;;;;;;;;;;;;;;;;;;;;;;;;;;;;;;;;;;;;;;;;;;;;;;;;;;;;;;;;;;;;;;;;;;;;;;;;;;;;;;;;;;;;;;;;;;;;;;;;;;;;;;;;;;;;;;;;;;;;;;;;;;;;;;;;;;;;;;;;;;;;;;;;;;;;;;;;;;;;;;;;;;;;;;;;;;;;;;;;;;;;;;;;;;;;;;;;;;;;;;;;;;;;;;;;;;;;;;;;;;;;;;;;;;;;;;;;;;;;;;;;;;;;;;;;;;;;;;;;;;;;;;;;;;;;;;;;;;;;;;;;;;;;;;;;;;;;;;;;;;;;;;;;;;;;;;;;;;;;;;;;;;;;;;;;;;;;;;;;;;;;;;;;;;;;;;;;;;;;;;;;;;;;;;;;;;;;;;;
